Text,Image,Folio
urn:cts:greekLit:tlg5026.e3.hmt:11.1,"urn:cite:hmt:e3bifolio.E3_136v_137r@0.0815,0.1687,0.3663,0.3797",urn:cite:hmt:e3bifolio.E3_136v_137r
urn:cts:greekLit:tlg5026.e3.hmt:11.2,"urn:cite:hmt:e3bifolio.E3_136v_137r@0.0881,0.5406,0.1287,0.1958",urn:cite:hmt:e3bifolio.E3_136v_137r
urn:cts:greekLit:tlg5026.e3.hmt:11.3,"urn:cite:hmt:e3bifolio.E3_136v_137r@0.0869,0.7275,0.3599,0.0664",urn:cite:hmt:e3bifolio.E3_136v_137r
urn:cts:greekLit:tlg5026.e3.hmt:11.4,"urn:cite:hmt:e3bifolio.E3_136v_137r@0.105,0.7695,0.3434,0.0526",urn:cite:hmt:e3bifolio.E3_136v_137r
urn:cts:greekLit:tlg5026.e3.hmt:11.5,"urn:cite:hmt:e3bifolio.E3_136v_137r@0.0925,0.8043,0.3434,0.025",urn:cite:hmt:e3bifolio.E3_136v_137r
urn:cts:greekLit:tlg5026.e3.hmt:11.6,"urn:cite:hmt:e3bifolio.E3_136v_137r@0.0842,0.8249,0.2347,0.0223",urn:cite:hmt:e3bifolio.E3_136v_137r
urn:cts:greekLit:tlg5026.e3.hmt:11.7,"urn:cite:hmt:e3bifolio.E3_136v_137r@0.0989,0.8196,0.3419,0.1064",urn:cite:hmt:e3bifolio.E3_136v_137r
urn:cts:greekLit:tlg5026.e3.hmt:11.8,"urn:cite:hmt:e3bifolio.E3_136v_137r@0.4721,0.2163,0.3665,0.0838",urn:cite:hmt:e3bifolio.E3_136v_137r
urn:cts:greekLit:tlg5026.e3.hmt:11.9,"urn:cite:hmt:e3bifolio.E3_136v_137r@0.7026,0.3172,0.1214,0.2603",urn:cite:hmt:e3bifolio.E3_136v_137r
urn:cts:greekLit:tlg5026.e3.hmt:11.10,"urn:cite:hmt:e3bifolio.E3_136v_137r@0.7008,0.5761,0.1323,0.1737",urn:cite:hmt:e3bifolio.E3_136v_137r
urn:cts:greekLit:tlg5026.e3.hmt:11.11,"urn:cite:hmt:e3bifolio.E3_136v_137r@0.468,0.743,0.3492,0.0354",urn:cite:hmt:e3bifolio.E3_136v_137r
urn:cts:greekLit:tlg5026.e3.hmt:11.12,"urn:cite:hmt:e3bifolio.E3_136v_137r@0.4625,0.7573,0.3492,0.0395",urn:cite:hmt:e3bifolio.E3_136v_137r
urn:cts:greekLit:tlg5026.e3.hmt:11.13,"urn:cite:hmt:e3bifolio.E3_136v_137r@0.4616,0.7784,0.3492,0.0293",urn:cite:hmt:e3bifolio.E3_136v_137r
urn:cts:greekLit:tlg5026.e3.hmt:11.14,"urn:cite:hmt:e3bifolio.E3_136v_137r@0.4734,0.7913,0.3387,0.0368",urn:cite:hmt:e3bifolio.E3_136v_137r
urn:cts:greekLit:tlg5026.e3.hmt:11.15,"",urn:cite:hmt:e3bifolio.E3_137v_138r
urn:cts:greekLit:tlg5026.e3.hmt:11.16,"",urn:cite:hmt:e3bifolio.E3_137v_138r
urn:cts:greekLit:tlg5026.e3.hmt:11.17,"",urn:cite:hmt:e3bifolio.E3_137v_138r
urn:cts:greekLit:tlg5026.e3.hmt:11.18,"",urn:cite:hmt:e3bifolio.E3_137v_138r
urn:cts:greekLit:tlg5026.e3.hmt:11.19,"",urn:cite:hmt:e3bifolio.E3_137v_138r
urn:cts:greekLit:tlg5026.e3.hmt:11.20,"",urn:cite:hmt:e3bifolio.E3_137v_138r
urn:cts:greekLit:tlg5026.e3.hmt:11.21,"",urn:cite:hmt:e3bifolio.E3_137v_138r
urn:cts:greekLit:tlg5026.e3.hmt:11.22,"",urn:cite:hmt:e3bifolio.E3_137v_138r
urn:cts:greekLit:tlg5026.e3.hmt:11.23,"",urn:cite:hmt:e3bifolio.E3_137v_138r
urn:cts:greekLit:tlg5026.e3.hmt:11.24,"",urn:cite:hmt:e3bifolio.E3_137v_138r
urn:cts:greekLit:tlg5026.e3.hmt:11.25,"",urn:cite:hmt:e3bifolio.E3_137v_138r
urn:cts:greekLit:tlg5026.e3.hmt:11.26,"",urn:cite:hmt:e3bifolio.E3_137v_138r
urn:cts:greekLit:tlg5026.e3.hmt:11.27,"",urn:cite:hmt:e3bifolio.E3_137v_138r
urn:cts:greekLit:tlg5026.e3.hmt:11.28,"",urn:cite:hmt:e3bifolio.E3_137v_138r
urn:cts:greekLit:tlg5026.e3.hmt:11.29,"",urn:cite:hmt:e3bifolio.E3_137v_138r
urn:cts:greekLit:tlg5026.e3.hmt:11.30,"",urn:cite:hmt:e3bifolio.E3_137v_138r
urn:cts:greekLit:tlg5026.e3.hmt:11.31,"",urn:cite:hmt:e3bifolio.E3_137v_138r
urn:cts:greekLit:tlg5026.e3.hmt:11.32,"",urn:cite:hmt:e3bifolio.E3_137v_138r
urn:cts:greekLit:tlg5026.e3.hmt:11.33,"",urn:cite:hmt:e3bifolio.E3_137v_138r
urn:cts:greekLit:tlg5026.e3.hmt:11.34,"",urn:cite:hmt:e3bifolio.E3_137v_138r
urn:cts:greekLit:tlg5026.e3.hmt:11.35,"urn:cite:hmt:e3bifolio.E3_138v_139r@0.081,0.1999,0.3627,0.0782",urn:cite:hmt:e3bifolio.E3_138v_139r
urn:cts:greekLit:tlg5026.e3.hmt:11.36,"urn:cite:hmt:e3bifolio.E3_138v_139r@0.0857,0.2559,0.3618,0.0463",urn:cite:hmt:e3bifolio.E3_138v_139r
urn:cts:greekLit:tlg5026.e3.hmt:11.37,"urn:cite:hmt:e3bifolio.E3_138v_139r@0.0857,0.2794,0.3618,0.0723",urn:cite:hmt:e3bifolio.E3_138v_139r
urn:cts:greekLit:tlg5026.e3.hmt:11.38,"urn:cite:hmt:e3bifolio.E3_138v_139r@0.0818,0.3595,0.1238,0.0756",urn:cite:hmt:e3bifolio.E3_138v_139r
urn:cts:greekLit:tlg5026.e3.hmt:11.39,"urn:cite:hmt:e3bifolio.E3_138v_139r@0.0801,0.4455,0.1238,0.0756",urn:cite:hmt:e3bifolio.E3_138v_139r
urn:cts:greekLit:tlg5026.e3.hmt:11.40,"urn:cite:hmt:e3bifolio.E3_138v_139r@0.0831,0.5257,0.1238,0.1075",urn:cite:hmt:e3bifolio.E3_138v_139r
urn:cts:greekLit:tlg5026.e3.hmt:11.41,"urn:cite:hmt:e3bifolio.E3_138v_139r@0.0823,0.6254,0.374,0.174",urn:cite:hmt:e3bifolio.E3_138v_139r
urn:cts:greekLit:tlg5026.e3.hmt:11.42,"urn:cite:hmt:e3bifolio.E3_138v_139r@0.0883,0.7817,0.3644,0.0528",urn:cite:hmt:e3bifolio.E3_138v_139r
urn:cts:greekLit:tlg5026.e3.hmt:11.43,"urn:cite:hmt:e3bifolio.E3_138v_139r@0.087,0.8221,0.3618,0.0261",urn:cite:hmt:e3bifolio.E3_138v_139r
urn:cts:greekLit:tlg5026.e3.hmt:11.44,"urn:cite:hmt:e3bifolio.E3_138v_139r@0.087,0.8345,0.3618,0.0313",urn:cite:hmt:e3bifolio.E3_138v_139r
urn:cts:greekLit:tlg5026.e3.hmt:11.45,"urn:cite:hmt:e3bifolio.E3_138v_139r@0.4559,0.2172,0.386,0.0275",urn:cite:hmt:e3bifolio.E3_138v_139r
urn:cts:greekLit:tlg5026.e3.hmt:11.46,"urn:cite:hmt:e3bifolio.E3_138v_139r@0.4597,0.2404,0.3663,0.031",urn:cite:hmt:e3bifolio.E3_138v_139r
urn:cts:greekLit:tlg5026.e3.hmt:11.47,"urn:cite:hmt:e3bifolio.E3_138v_139r@0.4601,0.2531,0.3663,0.0556",urn:cite:hmt:e3bifolio.E3_138v_139r
urn:cts:greekLit:tlg5026.e3.hmt:11.48,"urn:cite:hmt:e3bifolio.E3_138v_139r@0.694,0.3185,0.1385,0.0852",urn:cite:hmt:e3bifolio.E3_138v_139r
urn:cts:greekLit:tlg5026.e3.hmt:11.49,"urn:cite:hmt:e3bifolio.E3_138v_139r@0.6921,0.403,0.1385,0.1211",urn:cite:hmt:e3bifolio.E3_138v_139r
urn:cts:greekLit:tlg5026.e3.hmt:11.50,"urn:cite:hmt:e3bifolio.E3_138v_139r@0.693,0.5192,0.1385,0.0655",urn:cite:hmt:e3bifolio.E3_138v_139r
urn:cts:greekLit:tlg5026.e3.hmt:11.51,"urn:cite:hmt:e3bifolio.E3_138v_139r@0.6888,0.5875,0.1385,0.1232",urn:cite:hmt:e3bifolio.E3_138v_139r
urn:cts:greekLit:tlg5026.e3.hmt:11.52,"urn:cite:hmt:e3bifolio.E3_138v_139r@0.4597,0.7354,0.1615,0.0408",urn:cite:hmt:e3bifolio.E3_138v_139r
urn:cts:greekLit:tlg5026.e3.hmt:11.53,"urn:cite:hmt:e3bifolio.E3_138v_139r@0.4587,0.7312,0.3574,0.0591",urn:cite:hmt:e3bifolio.E3_138v_139r
urn:cts:greekLit:tlg5026.e3.hmt:11.54,"urn:cite:hmt:e3bifolio.E3_138v_139r@0.4648,0.7699,0.3578,0.0486",urn:cite:hmt:e3bifolio.E3_138v_139r
urn:cts:greekLit:tlg5026.e3.hmt:11.55,"urn:cite:hmt:e3bifolio.E3_138v_139r@0.462,0.7966,0.3386,0.0317",urn:cite:hmt:e3bifolio.E3_138v_139r
urn:cts:greekLit:tlg5026.e3.hmt:11.56,"urn:cite:hmt:e3bifolio.E3_138v_139r@0.4601,0.8121,0.3386,0.0366",urn:cite:hmt:e3bifolio.E3_138v_139r
urn:cts:greekLit:tlg5026.e3.hmt:11.57,"urn:cite:hmt:e3bifolio.E3_139v_140r@0.1103,0.2063,0.3417,0.0409",urn:cite:hmt:e3bifolio.E3_139v_140r
urn:cts:greekLit:tlg5026.e3.hmt:11.58,"urn:cite:hmt:e3bifolio.E3_139v_140r@0.1112,0.241,0.3417,0.0582",urn:cite:hmt:e3bifolio.E3_139v_140r
urn:cts:greekLit:tlg5026.e3.hmt:11.59,"urn:cite:hmt:e3bifolio.E3_139v_140r@0.1153,0.2798,0.344,0.0437",urn:cite:hmt:e3bifolio.E3_139v_140r
urn:cts:greekLit:tlg5026.e3.hmt:11.60,"urn:cite:hmt:e3bifolio.E3_139v_140r@0.107,0.3096,0.1179,0.0769",urn:cite:hmt:e3bifolio.E3_139v_140r
urn:cts:greekLit:tlg5026.e3.hmt:11.61,"urn:cite:hmt:e3bifolio.E3_139v_140r@0.1089,0.4073,0.1179,0.131",urn:cite:hmt:e3bifolio.E3_139v_140r
urn:cts:greekLit:tlg5026.e3.hmt:11.62,"urn:cite:hmt:e3bifolio.E3_139v_140r@0.1107,0.539,0.1138,0.1026",urn:cite:hmt:e3bifolio.E3_139v_140r
urn:cts:greekLit:tlg5026.e3.hmt:11.63,"urn:cite:hmt:e3bifolio.E3_139v_140r@0.0918,0.6582,0.141,0.0728",urn:cite:hmt:e3bifolio.E3_139v_140r
urn:cts:greekLit:tlg5026.e3.hmt:11.64,"urn:cite:hmt:e3bifolio.E3_139v_140r@0.0931,0.7421,0.3607,0.0291",urn:cite:hmt:e3bifolio.E3_139v_140r
urn:cts:greekLit:tlg5026.e3.hmt:11.65,"urn:cite:hmt:e3bifolio.E3_139v_140r@0.095,0.7581,0.3607,0.0395",urn:cite:hmt:e3bifolio.E3_139v_140r
urn:cts:greekLit:tlg5026.e3.hmt:11.66,"urn:cite:hmt:e3bifolio.E3_139v_140r@0.1029,0.7823,0.3607,0.0534",urn:cite:hmt:e3bifolio.E3_139v_140r
urn:cts:greekLit:tlg5026.e3.hmt:11.67,"urn:cite:hmt:e3bifolio.E3_139v_140r@0.1005,0.8239,0.2788,0.0284",urn:cite:hmt:e3bifolio.E3_139v_140r
urn:cts:greekLit:tlg5026.e3.hmt:11.68,"urn:cite:hmt:e3bifolio.E3_139v_140r@0.4718,0.2485,0.253,0.0617",urn:cite:hmt:e3bifolio.E3_139v_140r
urn:cts:greekLit:tlg5026.e3.hmt:11.69,"urn:cite:hmt:e3bifolio.E3_139v_140r@0.7007,0.3241,0.1331,0.1964",urn:cite:hmt:e3bifolio.E3_139v_140r
urn:cts:greekLit:tlg5026.e3.hmt:11.70,"urn:cite:hmt:e3bifolio.E3_139v_140r@0.698,0.6775,0.1247,0.1097",urn:cite:hmt:e3bifolio.E3_139v_140r
urn:cts:greekLit:tlg5026.e3.hmt:11.71,"urn:cite:hmt:e3bifolio.E3_139v_140r@0.4709,0.7576,0.2206,0.0328",urn:cite:hmt:e3bifolio.E3_139v_140r
urn:cts:greekLit:tlg5026.e3.hmt:11.72,"urn:cite:hmt:e3bifolio.E3_139v_140r@0.4709,0.7674,0.2534,0.0427",urn:cite:hmt:e3bifolio.E3_139v_140r
urn:cts:greekLit:tlg5026.e3.hmt:11.73,"urn:cite:hmt:e3bifolio.E3_139v_140r@0.4836,0.7957,0.2534,0.0486",urn:cite:hmt:e3bifolio.E3_139v_140r
urn:cts:greekLit:tlg5026.e3.hmt:11.74,"urn:cite:hmt:e3bifolio.E3_140v_141r@0.1901,0.2256,0.2608,0.0529",urn:cite:hmt:e3bifolio.E3_140v_141r
urn:cts:greekLit:tlg5026.e3.hmt:11.75,"urn:cite:hmt:e3bifolio.E3_140v_141r@0.2016,0.2688,0.2608,0.0391",urn:cite:hmt:e3bifolio.E3_140v_141r
urn:cts:greekLit:tlg5026.e3.hmt:11.76,"urn:cite:hmt:e3bifolio.E3_140v_141r@0.1009,0.3038,0.1359,0.1202",urn:cite:hmt:e3bifolio.E3_140v_141r
urn:cts:greekLit:tlg5026.e3.hmt:11.77,"urn:cite:hmt:e3bifolio.E3_140v_141r@0.0963,0.5455,0.1395,0.0961",urn:cite:hmt:e3bifolio.E3_140v_141r
urn:cts:greekLit:tlg5026.e3.hmt:11.78,"urn:cite:hmt:e3bifolio.E3_140v_141r@0.2075,0.7652,0.247,0.0597",urn:cite:hmt:e3bifolio.E3_140v_141r
urn:cts:greekLit:tlg5026.e3.hmt:11.79,"urn:cite:hmt:e3bifolio.E3_140v_141r@0.4773,0.2375,0.3531,0.0281",urn:cite:hmt:e3bifolio.E3_140v_141r
urn:cts:greekLit:tlg5026.e3.hmt:11.80,"urn:cite:hmt:e3bifolio.E3_140v_141r@0.4742,0.2538,0.3531,0.0359",urn:cite:hmt:e3bifolio.E3_140v_141r
urn:cts:greekLit:tlg5026.e3.hmt:11.81,"urn:cite:hmt:e3bifolio.E3_140v_141r@0.4769,0.2747,0.3531,0.0438",urn:cite:hmt:e3bifolio.E3_140v_141r
urn:cts:greekLit:tlg5026.e3.hmt:11.82,"urn:cite:hmt:e3bifolio.E3_140v_141r@0.704,0.3257,0.1295,0.0999",urn:cite:hmt:e3bifolio.E3_140v_141r
urn:cts:greekLit:tlg5026.e3.hmt:11.83,"urn:cite:hmt:e3bifolio.E3_140v_141r@0.7022,0.4838,0.1295,0.0999",urn:cite:hmt:e3bifolio.E3_140v_141r
urn:cts:greekLit:tlg5026.e3.hmt:11.84,"urn:cite:hmt:e3bifolio.E3_140v_141r@0.7005,0.6229,0.1295,0.1052",urn:cite:hmt:e3bifolio.E3_140v_141r
urn:cts:greekLit:tlg5026.e3.hmt:11.85,"urn:cite:hmt:e3bifolio.E3_140v_141r@0.4751,0.7594,0.3461,0.0699",urn:cite:hmt:e3bifolio.E3_140v_141r
urn:cts:greekLit:tlg5026.e3.hmt:11.86,"urn:cite:hmt:e3bifolio.E3_140v_141r@0.4799,0.8012,0.3461,0.0699",urn:cite:hmt:e3bifolio.E3_140v_141r
urn:cts:greekLit:tlg5026.e3.hmt:11.87,"urn:cite:hmt:e3bifolio.E3_141v_142r@0.2069,0.2311,0.242,0.0636",urn:cite:hmt:e3bifolio.E3_141v_142r
urn:cts:greekLit:tlg5026.e3.hmt:11.88,"urn:cite:hmt:e3bifolio.E3_141v_142r@0.2087,0.2775,0.2495,0.0363",urn:cite:hmt:e3bifolio.E3_141v_142r
urn:cts:greekLit:tlg5026.e3.hmt:11.89,"urn:cite:hmt:e3bifolio.E3_141v_142r@0.1071,0.3063,0.1251,0.1021",urn:cite:hmt:e3bifolio.E3_141v_142r
urn:cts:greekLit:tlg5026.e3.hmt:11.90,"urn:cite:hmt:e3bifolio.E3_141v_142r@0.1071,0.4444,0.1221,0.0751",urn:cite:hmt:e3bifolio.E3_141v_142r
urn:cts:greekLit:tlg5026.e3.hmt:11.91,"urn:cite:hmt:e3bifolio.E3_141v_142r@0.1105,0.6231,0.3369,0.1711",urn:cite:hmt:e3bifolio.E3_141v_142r
urn:cts:greekLit:tlg5026.e3.hmt:11.92,"urn:cite:hmt:e3bifolio.E3_141v_142r@0.1272,0.7679,0.3236,0.0418",urn:cite:hmt:e3bifolio.E3_141v_142r
urn:cts:greekLit:tlg5026.e3.hmt:11.93,"urn:cite:hmt:e3bifolio.E3_141v_142r@0.1135,0.7942,0.308,0.0315",urn:cite:hmt:e3bifolio.E3_141v_142r
urn:cts:greekLit:tlg5026.e3.hmt:11.94,"urn:cite:hmt:e3bifolio.E3_141v_142r@0.4881,0.2366,0.242,0.0297",urn:cite:hmt:e3bifolio.E3_141v_142r
urn:cts:greekLit:tlg5026.e3.hmt:11.95,"urn:cite:hmt:e3bifolio.E3_141v_142r@0.4885,0.2472,0.3482,0.0458",urn:cite:hmt:e3bifolio.E3_141v_142r
urn:cts:greekLit:tlg5026.e3.hmt:11.96,"urn:cite:hmt:e3bifolio.E3_141v_142r@0.4881,0.2781,0.3503,0.0396",urn:cite:hmt:e3bifolio.E3_141v_142r
urn:cts:greekLit:tlg5026.e3.hmt:11.97,"urn:cite:hmt:e3bifolio.E3_141v_142r@0.7258,0.3311,0.1094,0.036",urn:cite:hmt:e3bifolio.E3_141v_142r
urn:cts:greekLit:tlg5026.e3.hmt:11.98,"urn:cite:hmt:e3bifolio.E3_141v_142r@0.7263,0.3669,0.1148,0.0931",urn:cite:hmt:e3bifolio.E3_141v_142r
urn:cts:greekLit:tlg5026.e3.hmt:11.99,"urn:cite:hmt:e3bifolio.E3_141v_142r@0.726,0.4995,0.1123,0.0644",urn:cite:hmt:e3bifolio.E3_141v_142r
urn:cts:greekLit:tlg5026.e3.hmt:11.100,"urn:cite:hmt:e3bifolio.E3_141v_142r@0.7234,0.6193,0.1217,0.128",urn:cite:hmt:e3bifolio.E3_141v_142r
urn:cts:greekLit:tlg5026.e3.hmt:11.101,"urn:cite:hmt:e3bifolio.E3_141v_142r@0.4939,0.7483,0.2809,0.0371",urn:cite:hmt:e3bifolio.E3_141v_142r
urn:cts:greekLit:tlg5026.e3.hmt:11.102,"urn:cite:hmt:e3bifolio.E3_141v_142r@0.4919,0.7639,0.3367,0.0401",urn:cite:hmt:e3bifolio.E3_141v_142r
urn:cts:greekLit:tlg5026.e3.hmt:11.103,"urn:cite:hmt:e3bifolio.E3_141v_142r@0.5002,0.7842,0.3339,0.0419",urn:cite:hmt:e3bifolio.E3_141v_142r
urn:cts:greekLit:tlg5026.e3.hmt:11.104,"urn:cite:hmt:e3bifolio.E3_141v_142r@0.4923,0.7986,0.3423,0.0461",urn:cite:hmt:e3bifolio.E3_141v_142r
urn:cts:greekLit:tlg5026.e3.hmt:11.105,"urn:cite:hmt:e3bifolio.E3_142v_143r@0.1022,0.2046,0.2586,0.0327",urn:cite:hmt:e3bifolio.E3_142v_143r
urn:cts:greekLit:tlg5026.e3.hmt:11.106,"urn:cite:hmt:e3bifolio.E3_142v_143r@0.1014,0.2216,0.2921,0.0314",urn:cite:hmt:e3bifolio.E3_142v_143r
urn:cts:greekLit:tlg5026.e3.hmt:11.107,"urn:cite:hmt:e3bifolio.E3_142v_143r@0.101,0.2366,0.305,0.0277",urn:cite:hmt:e3bifolio.E3_142v_143r
urn:cts:greekLit:tlg5026.e3.hmt:11.108,"urn:cite:hmt:e3bifolio.E3_142v_143r@0.0964,0.2467,0.3502,0.0534",urn:cite:hmt:e3bifolio.E3_142v_143r
urn:cts:greekLit:tlg5026.e3.hmt:11.109,"urn:cite:hmt:e3bifolio.E3_142v_143r@0.0972,0.2869,0.3054,0.0327",urn:cite:hmt:e3bifolio.E3_142v_143r
urn:cts:greekLit:tlg5026.e3.hmt:11.110,"urn:cite:hmt:e3bifolio.E3_142v_143r@0.0991,0.3141,0.1285,0.0772",urn:cite:hmt:e3bifolio.E3_142v_143r
urn:cts:greekLit:tlg5026.e3.hmt:11.111,"urn:cite:hmt:e3bifolio.E3_142v_143r@0.0995,0.3812,0.1206,0.0873",urn:cite:hmt:e3bifolio.E3_142v_143r
urn:cts:greekLit:tlg5026.e3.hmt:11.112,"urn:cite:hmt:e3bifolio.E3_142v_143r@0.1015,0.4554,0.1164,0.0925",urn:cite:hmt:e3bifolio.E3_142v_143r
urn:cts:greekLit:tlg5026.e3.hmt:11.113,"urn:cite:hmt:e3bifolio.E3_142v_143r@0.1077,0.5389,0.1164,0.2068",urn:cite:hmt:e3bifolio.E3_142v_143r
urn:cts:greekLit:tlg5026.e3.hmt:11.114,"urn:cite:hmt:e3bifolio.E3_142v_143r@0.1096,0.744,0.3404,0.0684",urn:cite:hmt:e3bifolio.E3_142v_143r
urn:cts:greekLit:tlg5026.e3.hmt:11.115,"urn:cite:hmt:e3bifolio.E3_142v_143r@0.1124,0.7838,0.3309,0.05",urn:cite:hmt:e3bifolio.E3_142v_143r
urn:cts:greekLit:tlg5026.e3.hmt:11.116,"urn:cite:hmt:e3bifolio.E3_142v_143r@0.2209,0.8047,0.1888,0.0291",urn:cite:hmt:e3bifolio.E3_142v_143r
urn:cts:greekLit:tlg5026.e3.hmt:11.117,"urn:cite:hmt:e3bifolio.E3_142v_143r@0.114,0.81,0.3345,0.0797",urn:cite:hmt:e3bifolio.E3_142v_143r
urn:cts:greekLit:tlg5026.e3.hmt:11.118,"urn:cite:hmt:e3bifolio.E3_142v_143r@0.4885,0.2545,0.3535,0.0285",urn:cite:hmt:e3bifolio.E3_142v_143r
urn:cts:greekLit:tlg5026.e3.hmt:11.119,"urn:cite:hmt:e3bifolio.E3_142v_143r@0.4897,0.2727,0.3406,0.0231",urn:cite:hmt:e3bifolio.E3_142v_143r
urn:cts:greekLit:tlg5026.e3.hmt:11.120,"urn:cite:hmt:e3bifolio.E3_142v_143r@0.4905,0.2836,0.3454,0.1136",urn:cite:hmt:e3bifolio.E3_142v_143r
urn:cts:greekLit:tlg5026.e3.hmt:11.121,"urn:cite:hmt:e3bifolio.E3_142v_143r@0.7137,0.4505,0.1221,0.1171",urn:cite:hmt:e3bifolio.E3_142v_143r
urn:cts:greekLit:tlg5026.e3.hmt:11.122,"urn:cite:hmt:e3bifolio.E3_142v_143r@0.7127,0.6682,0.1161,0.0871",urn:cite:hmt:e3bifolio.E3_142v_143r
urn:cts:greekLit:tlg5026.e3.hmt:11.123,"urn:cite:hmt:e3bifolio.E3_142v_143r@0.4808,0.7585,0.3408,0.0872",urn:cite:hmt:e3bifolio.E3_142v_143r
urn:cts:greekLit:tlg5026.e3.hmt:11.124,"urn:cite:hmt:e3bifolio.E3_143v_144r@0.2079,0.2331,0.2463,0.0508",urn:cite:hmt:e3bifolio.E3_143v_144r
urn:cts:greekLit:tlg5026.e3.hmt:11.125,"urn:cite:hmt:e3bifolio.E3_143v_144r@0.2084,0.2726,0.2463,0.0508",urn:cite:hmt:e3bifolio.E3_143v_144r
urn:cts:greekLit:tlg5026.e3.hmt:11.126,"urn:cite:hmt:e3bifolio.E3_143v_144r@0.1028,0.3933,0.1254,0.1035",urn:cite:hmt:e3bifolio.E3_143v_144r
urn:cts:greekLit:tlg5026.e3.hmt:11.127,"urn:cite:hmt:e3bifolio.E3_143v_144r@0.1041,0.5714,0.1254,0.1035",urn:cite:hmt:e3bifolio.E3_143v_144r
urn:cts:greekLit:tlg5026.e3.hmt:11.128,"urn:cite:hmt:e3bifolio.E3_143v_144r@0.2141,0.7593,0.2318,0.029",urn:cite:hmt:e3bifolio.E3_143v_144r
urn:cts:greekLit:tlg5026.e3.hmt:11.129,"urn:cite:hmt:e3bifolio.E3_143v_144r@0.2163,0.7745,0.2318,0.0547",urn:cite:hmt:e3bifolio.E3_143v_144r
urn:cts:greekLit:tlg5026.e3.hmt:11.130,"urn:cite:hmt:e3bifolio.E3_143v_144r@0.4726,0.2246,0.3793,0.0291",urn:cite:hmt:e3bifolio.E3_143v_144r
urn:cts:greekLit:tlg5026.e3.hmt:11.131,"urn:cite:hmt:e3bifolio.E3_143v_144r@0.4713,0.2421,0.3793,0.0291",urn:cite:hmt:e3bifolio.E3_143v_144r
urn:cts:greekLit:tlg5026.e3.hmt:11.132,"urn:cite:hmt:e3bifolio.E3_143v_144r@0.4696,0.2589,0.3793,0.0453",urn:cite:hmt:e3bifolio.E3_143v_144r
urn:cts:greekLit:tlg5026.e3.hmt:11.133,"urn:cite:hmt:e3bifolio.E3_143v_144r@0.4696,0.2861,0.3793,0.0453",urn:cite:hmt:e3bifolio.E3_143v_144r
urn:cts:greekLit:tlg5026.e3.hmt:11.134,"urn:cite:hmt:e3bifolio.E3_143v_144r@0.7002,0.3197,0.1461,0.0938",urn:cite:hmt:e3bifolio.E3_143v_144r
urn:cts:greekLit:tlg5026.e3.hmt:11.135,"urn:cite:hmt:e3bifolio.E3_143v_144r@0.7006,0.3999,0.1422,0.0362",urn:cite:hmt:e3bifolio.E3_143v_144r
urn:cts:greekLit:tlg5026.e3.hmt:11.136,"urn:cite:hmt:e3bifolio.E3_143v_144r@0.7032,0.4265,0.1349,0.1139",urn:cite:hmt:e3bifolio.E3_143v_144r
urn:cts:greekLit:tlg5026.e3.hmt:11.137,"urn:cite:hmt:e3bifolio.E3_143v_144r@0.7023,0.5345,0.1349,0.1139",urn:cite:hmt:e3bifolio.E3_143v_144r
urn:cts:greekLit:tlg5026.e3.hmt:11.138,"urn:cite:hmt:e3bifolio.E3_143v_144r@0.7019,0.6335,0.1349,0.1139",urn:cite:hmt:e3bifolio.E3_143v_144r
urn:cts:greekLit:tlg5026.e3.hmt:11.139,"urn:cite:hmt:e3bifolio.E3_143v_144r@0.4734,0.7571,0.3703,0.0925",urn:cite:hmt:e3bifolio.E3_143v_144r
urn:cts:greekLit:tlg5026.e3.hmt:11.140,"urn:cite:hmt:e3bifolio.E3_143v_144r@0.467,0.8308,0.2845,0.0414",urn:cite:hmt:e3bifolio.E3_143v_144r
urn:cts:greekLit:tlg5026.e3.hmt:11.141,"",urn:cite:hmt:e3bifolio.E3_144v_145r
urn:cts:greekLit:tlg5026.e3.hmt:11.142,"",urn:cite:hmt:e3bifolio.E3_144v_145r
urn:cts:greekLit:tlg5026.e3.hmt:11.143,"",urn:cite:hmt:e3bifolio.E3_144v_145r
urn:cts:greekLit:tlg5026.e3.hmt:11.144,"",urn:cite:hmt:e3bifolio.E3_144v_145r
urn:cts:greekLit:tlg5026.e3.hmt:11.145,"",urn:cite:hmt:e3bifolio.E3_144v_145r
urn:cts:greekLit:tlg5026.e3.hmt:11.146,"",urn:cite:hmt:e3bifolio.E3_144v_145r
urn:cts:greekLit:tlg5026.e3.hmt:11.147,"",urn:cite:hmt:e3bifolio.E3_144v_145r
urn:cts:greekLit:tlg5026.e3.hmt:11.148,"",urn:cite:hmt:e3bifolio.E3_144v_145r
urn:cts:greekLit:tlg5026.e3.hmt:11.149,"",urn:cite:hmt:e3bifolio.E3_144v_145r
urn:cts:greekLit:tlg5026.e3.hmt:11.150,"",urn:cite:hmt:e3bifolio.E3_144v_145r
urn:cts:greekLit:tlg5026.e3.hmt:11.151,"",urn:cite:hmt:e3bifolio.E3_144v_145r
urn:cts:greekLit:tlg5026.e3.hmt:11.152,"",urn:cite:hmt:e3bifolio.E3_144v_145r
urn:cts:greekLit:tlg5026.e3.hmt:11.153,"",urn:cite:hmt:e3bifolio.E3_144v_145r
urn:cts:greekLit:tlg5026.e3.hmt:11.154,"",urn:cite:hmt:e3bifolio.E3_144v_145r
urn:cts:greekLit:tlg5026.e3.hmt:11.155,"",urn:cite:hmt:e3bifolio.E3_144v_145r
urn:cts:greekLit:tlg5026.e3.hmt:11.156,"",urn:cite:hmt:e3bifolio.E3_144v_145r
urn:cts:greekLit:tlg5026.e3.hmt:11.157,"",urn:cite:hmt:e3bifolio.E3_144v_145r
urn:cts:greekLit:tlg5026.e3.hmt:11.158,"urn:cite:hmt:e3bifolio.E3_145v_146r@0.0951,0.2413,0.3783,0.04",urn:cite:hmt:e3bifolio.E3_145v_146r
urn:cts:greekLit:tlg5026.e3.hmt:11.159,"urn:cite:hmt:e3bifolio.E3_145v_146r@0.097,0.2634,0.3783,0.0552",urn:cite:hmt:e3bifolio.E3_145v_146r
urn:cts:greekLit:tlg5026.e3.hmt:11.160,"urn:cite:hmt:e3bifolio.E3_145v_146r@0.0928,0.3158,0.1269,0.1497",urn:cite:hmt:e3bifolio.E3_145v_146r
urn:cts:greekLit:tlg5026.e3.hmt:11.161,"urn:cite:hmt:e3bifolio.E3_145v_146r@0.0965,0.5075,0.1237,0.0917",urn:cite:hmt:e3bifolio.E3_145v_146r
urn:cts:greekLit:tlg5026.e3.hmt:11.162,"urn:cite:hmt:e3bifolio.E3_145v_146r@0.1006,0.6227,0.1269,0.1062",urn:cite:hmt:e3bifolio.E3_145v_146r
urn:cts:greekLit:tlg5026.e3.hmt:11.163,"urn:cite:hmt:e3bifolio.E3_145v_146r@0.0942,0.7462,0.3586,0.0428",urn:cite:hmt:e3bifolio.E3_145v_146r
urn:cts:greekLit:tlg5026.e3.hmt:11.164,"urn:cite:hmt:e3bifolio.E3_145v_146r@0.0956,0.7738,0.3586,0.0428",urn:cite:hmt:e3bifolio.E3_145v_146r
urn:cts:greekLit:tlg5026.e3.hmt:11.165,"urn:cite:hmt:e3bifolio.E3_145v_146r@0.4733,0.2085,0.376,0.0599",urn:cite:hmt:e3bifolio.E3_145v_146r
urn:cts:greekLit:tlg5026.e3.hmt:11.166,"urn:cite:hmt:e3bifolio.E3_145v_146r@0.4703,0.2573,0.3528,0.0274",urn:cite:hmt:e3bifolio.E3_145v_146r
urn:cts:greekLit:tlg5026.e3.hmt:11.167,"urn:cite:hmt:e3bifolio.E3_145v_146r@0.4708,0.2699,0.3528,0.0466",urn:cite:hmt:e3bifolio.E3_145v_146r
urn:cts:greekLit:tlg5026.e3.hmt:11.168,"urn:cite:hmt:e3bifolio.E3_145v_146r@0.7009,0.3231,0.133,0.1412",urn:cite:hmt:e3bifolio.E3_145v_146r
urn:cts:greekLit:tlg5026.e3.hmt:11.169,"urn:cite:hmt:e3bifolio.E3_145v_146r@0.7034,0.4488,0.1276,0.0747",urn:cite:hmt:e3bifolio.E3_145v_146r
urn:cts:greekLit:tlg5026.e3.hmt:11.170,"urn:cite:hmt:e3bifolio.E3_145v_146r@0.7009,0.5331,0.1276,0.0998",urn:cite:hmt:e3bifolio.E3_145v_146r
urn:cts:greekLit:tlg5026.e3.hmt:11.171,"urn:cite:hmt:e3bifolio.E3_145v_146r@0.699,0.6647,0.1276,0.0998",urn:cite:hmt:e3bifolio.E3_145v_146r
urn:cts:greekLit:tlg5026.e3.hmt:11.172,"urn:cite:hmt:e3bifolio.E3_145v_146r@0.4708,0.7534,0.3513,0.0858",urn:cite:hmt:e3bifolio.E3_145v_146r
urn:cts:greekLit:tlg5026.e3.hmt:11.173,"urn:cite:hmt:e3bifolio.E3_145v_146r@0.4822,0.8156,0.3498,0.071",urn:cite:hmt:e3bifolio.E3_145v_146r
urn:cts:greekLit:tlg5026.e3.hmt:11.174,"urn:cite:hmt:e3bifolio.E3_146v_147r@0.1876,0.2179,0.2858,0.0695",urn:cite:hmt:e3bifolio.E3_146v_147r
urn:cts:greekLit:tlg5026.e3.hmt:11.175,"urn:cite:hmt:e3bifolio.E3_146v_147r@0.2072,0.2681,0.261,0.0309",urn:cite:hmt:e3bifolio.E3_146v_147r
urn:cts:greekLit:tlg5026.e3.hmt:11.176,"urn:cite:hmt:e3bifolio.E3_146v_147r@0.2041,0.2881,0.261,0.0309",urn:cite:hmt:e3bifolio.E3_146v_147r
urn:cts:greekLit:tlg5026.e3.hmt:11.177,"urn:cite:hmt:e3bifolio.E3_146v_147r@0.1032,0.4125,0.1328,0.1714",urn:cite:hmt:e3bifolio.E3_146v_147r
urn:cts:greekLit:tlg5026.e3.hmt:11.178,"urn:cite:hmt:e3bifolio.E3_146v_147r@0.0996,0.7445,0.3573,0.0602",urn:cite:hmt:e3bifolio.E3_146v_147r
urn:cts:greekLit:tlg5026.e3.hmt:11.179,"urn:cite:hmt:e3bifolio.E3_146v_147r@0.1057,0.79,0.3532,0.0293",urn:cite:hmt:e3bifolio.E3_146v_147r
urn:cts:greekLit:tlg5026.e3.hmt:11.180,"urn:cite:hmt:e3bifolio.E3_146v_147r@0.1922,0.8178,0.2755,0.0456",urn:cite:hmt:e3bifolio.E3_146v_147r
urn:cts:greekLit:tlg5026.e3.hmt:11.181,"urn:cite:hmt:e3bifolio.E3_146v_147r@0.486,0.2119,0.3358,0.0417",urn:cite:hmt:e3bifolio.E3_146v_147r
urn:cts:greekLit:tlg5026.e3.hmt:11.182,"urn:cite:hmt:e3bifolio.E3_146v_147r@0.4893,0.24,0.2235,0.0265",urn:cite:hmt:e3bifolio.E3_146v_147r
urn:cts:greekLit:tlg5026.e3.hmt:11.183,"urn:cite:hmt:e3bifolio.E3_146v_147r@0.4898,0.2568,0.3556,0.0802",urn:cite:hmt:e3bifolio.E3_146v_147r
urn:cts:greekLit:tlg5026.e3.hmt:11.184,"urn:cite:hmt:e3bifolio.E3_146v_147r@0.6994,0.329,0.1321,0.2301",urn:cite:hmt:e3bifolio.E3_146v_147r
urn:cts:greekLit:tlg5026.e3.hmt:11.185,"urn:cite:hmt:e3bifolio.E3_146v_147r@0.462,0.5486,0.3545,0.3047",urn:cite:hmt:e3bifolio.E3_146v_147r
urn:cts:greekLit:tlg5026.e3.hmt:11.186,"urn:cite:hmt:e3bifolio.E3_146v_147r@0.4647,0.826,0.331,0.0505",urn:cite:hmt:e3bifolio.E3_146v_147r
urn:cts:greekLit:tlg5026.e3.hmt:11.187,"urn:cite:hmt:e3bifolio.E3_146v_147r@0.6101,0.8565,0.2037,0.0473",urn:cite:hmt:e3bifolio.E3_146v_147r
urn:cts:greekLit:tlg5026.e3.hmt:11.188,"urn:cite:hmt:e3bifolio.E3_147v_148r@0.1106,0.216,0.3528,0.0528",urn:cite:hmt:e3bifolio.E3_147v_148r
urn:cts:greekLit:tlg5026.e3.hmt:11.189,"urn:cite:hmt:e3bifolio.E3_147v_148r@0.1106,0.2562,0.3528,0.0613",urn:cite:hmt:e3bifolio.E3_147v_148r
urn:cts:greekLit:tlg5026.e3.hmt:11.190,"urn:cite:hmt:e3bifolio.E3_147v_148r@0.1088,0.3122,0.1355,0.1082",urn:cite:hmt:e3bifolio.E3_147v_148r
urn:cts:greekLit:tlg5026.e3.hmt:11.191,"urn:cite:hmt:e3bifolio.E3_147v_148r@0.111,0.4395,0.1355,0.1082",urn:cite:hmt:e3bifolio.E3_147v_148r
urn:cts:greekLit:tlg5026.e3.hmt:11.192,"urn:cite:hmt:e3bifolio.E3_147v_148r@0.1093,0.636,0.1355,0.1082",urn:cite:hmt:e3bifolio.E3_147v_148r
urn:cts:greekLit:tlg5026.e3.hmt:11.193,"urn:cite:hmt:e3bifolio.E3_147v_148r@0.1207,0.7475,0.3484,0.0765",urn:cite:hmt:e3bifolio.E3_147v_148r
urn:cts:greekLit:tlg5026.e3.hmt:11.194,"urn:cite:hmt:e3bifolio.E3_147v_148r@0.1229,0.7976,0.3308,0.033",urn:cite:hmt:e3bifolio.E3_147v_148r
urn:cts:greekLit:tlg5026.e3.hmt:11.195,"urn:cite:hmt:e3bifolio.E3_147v_148r@0.122,0.8141,0.3308,0.033",urn:cite:hmt:e3bifolio.E3_147v_148r
urn:cts:greekLit:tlg5026.e3.hmt:11.196,"urn:cite:hmt:e3bifolio.E3_147v_148r@0.4805,0.2252,0.2761,0.0364",urn:cite:hmt:e3bifolio.E3_147v_148r
urn:cts:greekLit:tlg5026.e3.hmt:11.197,"urn:cite:hmt:e3bifolio.E3_147v_148r@0.4837,0.2465,0.3504,0.0234",urn:cite:hmt:e3bifolio.E3_147v_148r
urn:cts:greekLit:tlg5026.e3.hmt:11.198,"urn:cite:hmt:e3bifolio.E3_147v_148r@0.4814,0.2616,0.3504,0.0234",urn:cite:hmt:e3bifolio.E3_147v_148r
urn:cts:greekLit:tlg5026.e3.hmt:11.199,"urn:cite:hmt:e3bifolio.E3_147v_148r@0.4814,0.2754,0.3536,0.1478",urn:cite:hmt:e3bifolio.E3_147v_148r
urn:cts:greekLit:tlg5026.e3.hmt:11.200,"urn:cite:hmt:e3bifolio.E3_147v_148r@0.7203,0.4397,0.1284,0.1196",urn:cite:hmt:e3bifolio.E3_147v_148r
urn:cts:greekLit:tlg5026.e3.hmt:11.201,"urn:cite:hmt:e3bifolio.E3_147v_148r@0.7126,0.5909,0.1284,0.1196",urn:cite:hmt:e3bifolio.E3_147v_148r
urn:cts:greekLit:tlg5026.e3.hmt:11.202,"urn:cite:hmt:e3bifolio.E3_147v_148r@0.4741,0.738,0.366,0.0584",urn:cite:hmt:e3bifolio.E3_147v_148r
urn:cts:greekLit:tlg5026.e3.hmt:11.203,"urn:cite:hmt:e3bifolio.E3_147v_148r@0.4906,0.7758,0.3329,0.0419",urn:cite:hmt:e3bifolio.E3_147v_148r
urn:cts:greekLit:tlg5026.e3.hmt:11.204,"urn:cite:hmt:e3bifolio.E3_147v_148r@0.475,0.7936,0.3637,0.0763",urn:cite:hmt:e3bifolio.E3_147v_148r
urn:cts:greekLit:tlg5026.e3.hmt:11.205,"",urn:cite:hmt:e3bifolio.E3_148v_149r
urn:cts:greekLit:tlg5026.e3.hmt:11.206,"",urn:cite:hmt:e3bifolio.E3_148v_149r
urn:cts:greekLit:tlg5026.e3.hmt:11.207,"",urn:cite:hmt:e3bifolio.E3_148v_149r
urn:cts:greekLit:tlg5026.e3.hmt:11.208,"",urn:cite:hmt:e3bifolio.E3_148v_149r
urn:cts:greekLit:tlg5026.e3.hmt:11.209,"",urn:cite:hmt:e3bifolio.E3_148v_149r
urn:cts:greekLit:tlg5026.e3.hmt:11.210,"",urn:cite:hmt:e3bifolio.E3_148v_149r
urn:cts:greekLit:tlg5026.e3.hmt:11.211,"",urn:cite:hmt:e3bifolio.E3_148v_149r
urn:cts:greekLit:tlg5026.e3.hmt:11.212,"",urn:cite:hmt:e3bifolio.E3_148v_149r
urn:cts:greekLit:tlg5026.e3.hmt:11.213,"",urn:cite:hmt:e3bifolio.E3_148v_149r
urn:cts:greekLit:tlg5026.e3.hmt:11.214,"",urn:cite:hmt:e3bifolio.E3_148v_149r
urn:cts:greekLit:tlg5026.e3.hmt:11.215,"",urn:cite:hmt:e3bifolio.E3_148v_149r
urn:cts:greekLit:tlg5026.e3.hmt:11.216,"",urn:cite:hmt:e3bifolio.E3_148v_149r
urn:cts:greekLit:tlg5026.e3.hmt:11.217,"",urn:cite:hmt:e3bifolio.E3_148v_149r
urn:cts:greekLit:tlg5026.e3.hmt:11.218,"",urn:cite:hmt:e3bifolio.E3_148v_149r
urn:cts:greekLit:tlg5026.e3.hmt:11.219,"",urn:cite:hmt:e3bifolio.E3_148v_149r
urn:cts:greekLit:tlg5026.e3.hmt:11.220,"",urn:cite:hmt:e3bifolio.E3_148v_149r
urn:cts:greekLit:tlg5026.e3.hmt:11.221,"",urn:cite:hmt:e3bifolio.E3_148v_149r
urn:cts:greekLit:tlg5026.e3.hmt:11.222,"",urn:cite:hmt:e3bifolio.E3_148v_149r
urn:cts:greekLit:tlg5026.e3.hmt:11.223,"",urn:cite:hmt:e3bifolio.E3_148v_149r
urn:cts:greekLit:tlg5026.e3.hmt:11.224,"",urn:cite:hmt:e3bifolio.E3_148v_149r
urn:cts:greekLit:tlg5026.e3.hmt:11.225,"",urn:cite:hmt:e3bifolio.E3_148v_149r
urn:cts:greekLit:tlg5026.e3.hmt:11.226,"",urn:cite:hmt:e3bifolio.E3_148v_149r
urn:cts:greekLit:tlg5026.e3.hmt:11.227,"",urn:cite:hmt:e3bifolio.E3_149v_150r
