Text,Image
urn:cts:greekLit:tlg0012.tlg001.e3:11.1,"urn:cite:hmt:e3bifolio.E3_136v_137r@0.2092,0.3438,0.2232,0.048"
urn:cts:greekLit:tlg0012.tlg001.e3:11.2,"urn:cite:hmt:e3bifolio.E3_136v_137r@0.2112,0.3649,0.2292,0.03"
urn:cts:greekLit:tlg0012.tlg001.e3:11.3,"urn:cite:hmt:e3bifolio.E3_136v_137r@0.2162,0.3814,0.2232,0.03"
urn:cts:greekLit:tlg0012.tlg001.e3:11.4,"urn:cite:hmt:e3bifolio.E3_136v_137r@0.2172,0.3979,0.2282,0.03"
urn:cts:greekLit:tlg0012.tlg001.e3:11.5,"urn:cite:hmt:e3bifolio.E3_136v_137r@0.2132,0.4174,0.2262,0.03"
urn:cts:greekLit:tlg0012.tlg001.e3:11.6,"urn:cite:hmt:e3bifolio.E3_136v_137r@0.2132,0.4339,0.2262,0.03"
urn:cts:greekLit:tlg0012.tlg001.e3:11.7,"urn:cite:hmt:e3bifolio.E3_136v_137r@0.2122,0.452,0.2262,0.027"
urn:cts:greekLit:tlg0012.tlg001.e3:11.8,"urn:cite:hmt:e3bifolio.E3_136v_137r@0.2182,0.4685,0.2142,0.027"
urn:cts:greekLit:tlg0012.tlg001.e3:11.9,"urn:cite:hmt:e3bifolio.E3_136v_137r@0.2172,0.4865,0.2212,0.027"
urn:cts:greekLit:tlg0012.tlg001.e3:11.10,"urn:cite:hmt:e3bifolio.E3_136v_137r@0.2172,0.5045,0.1942,0.027"
urn:cts:greekLit:tlg0012.tlg001.e3:11.11,"urn:cite:hmt:e3bifolio.E3_136v_137r@0.2172,0.5225,0.2192,0.027"
urn:cts:greekLit:tlg0012.tlg001.e3:11.12,"urn:cite:hmt:e3bifolio.E3_136v_137r@0.2172,0.539,0.2252,0.027"
urn:cts:greekLit:tlg0012.tlg001.e3:11.13,"urn:cite:hmt:e3bifolio.E3_136v_137r@0.2192,0.5556,0.2172,0.027"
urn:cts:greekLit:tlg0012.tlg001.e3:11.14,"urn:cite:hmt:e3bifolio.E3_136v_137r@0.2172,0.5751,0.2232,0.027"
urn:cts:greekLit:tlg0012.tlg001.e3:11.15,"urn:cite:hmt:e3bifolio.E3_136v_137r@0.2102,0.5916,0.2232,0.027"
urn:cts:greekLit:tlg0012.tlg001.e3:11.16,"urn:cite:hmt:e3bifolio.E3_136v_137r@0.2162,0.6096,0.2232,0.027"
urn:cts:greekLit:tlg0012.tlg001.e3:11.17,"urn:cite:hmt:e3bifolio.E3_136v_137r@0.2162,0.6231,0.2212,0.027"
urn:cts:greekLit:tlg0012.tlg001.e3:11.18,"urn:cite:hmt:e3bifolio.E3_136v_137r@0.2162,0.6411,0.2152,0.027"
urn:cts:greekLit:tlg0012.tlg001.e3:11.19,"urn:cite:hmt:e3bifolio.E3_136v_137r@0.2152,0.6577,0.2132,0.027"
urn:cts:greekLit:tlg0012.tlg001.e3:11.20,"urn:cite:hmt:e3bifolio.E3_136v_137r@0.2162,0.6787,0.2152,0.0255"
urn:cts:greekLit:tlg0012.tlg001.e3:11.21,"urn:cite:hmt:e3bifolio.E3_136v_137r@0.2152,0.6907,0.2242,0.0285"
urn:cts:greekLit:tlg0012.tlg001.e3:11.22,"urn:cite:hmt:e3bifolio.E3_136v_137r@0.2152,0.7102,0.2162,0.0285"
urn:cts:greekLit:tlg0012.tlg001.e3:11.23,"urn:cite:hmt:e3bifolio.E3_136v_137r@0.4825,0.3123,0.2172,0.0345"
urn:cts:greekLit:tlg0012.tlg001.e3:11.24,"urn:cite:hmt:e3bifolio.E3_136v_137r@0.4855,0.3318,0.2202,0.027"
urn:cts:greekLit:tlg0012.tlg001.e3:11.25,"urn:cite:hmt:e3bifolio.E3_136v_137r@0.4845,0.3514,0.2202,0.027"
urn:cts:greekLit:tlg0012.tlg001.e3:11.26,"urn:cite:hmt:e3bifolio.E3_136v_137r@0.4825,0.3664,0.2242,0.0285"
urn:cts:greekLit:tlg0012.tlg001.e3:11.27,"urn:cite:hmt:e3bifolio.E3_136v_137r@0.4825,0.3829,0.2202,0.0315"
urn:cts:greekLit:tlg0012.tlg001.e3:11.28,"urn:cite:hmt:e3bifolio.E3_136v_137r@0.4825,0.3979,0.2292,0.0315"
urn:cts:greekLit:tlg0012.tlg001.e3:11.29,"urn:cite:hmt:e3bifolio.E3_136v_137r@0.4815,0.4174,0.2212,0.0315"
urn:cts:greekLit:tlg0012.tlg001.e3:11.30,"urn:cite:hmt:e3bifolio.E3_136v_137r@0.4815,0.4354,0.2212,0.027"
urn:cts:greekLit:tlg0012.tlg001.e3:11.31,"urn:cite:hmt:e3bifolio.E3_136v_137r@0.4805,0.4505,0.2242,0.03"
urn:cts:greekLit:tlg0012.tlg001.e3:11.32,"urn:cite:hmt:e3bifolio.E3_136v_137r@0.4805,0.467,0.2332,0.03"
urn:cts:greekLit:tlg0012.tlg001.e3:11.33,"urn:cite:hmt:e3bifolio.E3_136v_137r@0.4815,0.482,0.2242,0.03"
urn:cts:greekLit:tlg0012.tlg001.e3:11.34,"urn:cite:hmt:e3bifolio.E3_136v_137r@0.4825,0.5045,0.2182,0.0255"
urn:cts:greekLit:tlg0012.tlg001.e3:11.35,"urn:cite:hmt:e3bifolio.E3_136v_137r@0.4825,0.521,0.2262,0.0255"
urn:cts:greekLit:tlg0012.tlg001.e3:11.36,"urn:cite:hmt:e3bifolio.E3_136v_137r@0.4815,0.539,0.2252,0.0225"
urn:cts:greekLit:tlg0012.tlg001.e3:11.37,"urn:cite:hmt:e3bifolio.E3_136v_137r@0.4805,0.5556,0.2252,0.0285"
urn:cts:greekLit:tlg0012.tlg001.e3:11.38,"urn:cite:hmt:e3bifolio.E3_136v_137r@0.4825,0.5751,0.2252,0.0225"
urn:cts:greekLit:tlg0012.tlg001.e3:11.39,"urn:cite:hmt:e3bifolio.E3_136v_137r@0.4805,0.5901,0.2252,0.024"
urn:cts:greekLit:tlg0012.tlg001.e3:11.40,"urn:cite:hmt:e3bifolio.E3_136v_137r@0.4795,0.6081,0.2292,0.027"
urn:cts:greekLit:tlg0012.tlg001.e3:11.41,"urn:cite:hmt:e3bifolio.E3_136v_137r@0.4805,0.6216,0.2392,0.03"
urn:cts:greekLit:tlg0012.tlg001.e3:11.42,"urn:cite:hmt:e3bifolio.E3_136v_137r@0.4815,0.6411,0.2252,0.024"
urn:cts:greekLit:tlg0012.tlg001.e3:11.43,"urn:cite:hmt:e3bifolio.E3_136v_137r@0.4805,0.6562,0.2282,0.0255"
urn:cts:greekLit:tlg0012.tlg001.e3:11.44,"urn:cite:hmt:e3bifolio.E3_136v_137r@0.4805,0.6727,0.2252,0.0285"
urn:cts:greekLit:tlg0012.tlg001.e3:11.45,"urn:cite:hmt:e3bifolio.E3_136v_137r@0.4805,0.6892,0.2242,0.0285"
urn:cts:greekLit:tlg0012.tlg001.e3:11.46,"urn:cite:hmt:e3bifolio.E3_136v_137r@0.4825,0.7072,0.2242,0.027"
urn:cts:greekLit:tlg0012.tlg001.e3:11.47,
urn:cts:greekLit:tlg0012.tlg001.e3:11.48,
urn:cts:greekLit:tlg0012.tlg001.e3:11.49,""
urn:cts:greekLit:tlg0012.tlg001.e3:11.50,""
urn:cts:greekLit:tlg0012.tlg001.e3:11.51,
urn:cts:greekLit:tlg0012.tlg001.e3:11.52,
urn:cts:greekLit:tlg0012.tlg001.e3:11.53,
urn:cts:greekLit:tlg0012.tlg001.e3:11.54,
urn:cts:greekLit:tlg0012.tlg001.e3:11.55,
urn:cts:greekLit:tlg0012.tlg001.e3:11.56,
urn:cts:greekLit:tlg0012.tlg001.e3:11.57,
urn:cts:greekLit:tlg0012.tlg001.e3:11.58,
urn:cts:greekLit:tlg0012.tlg001.e3:11.59,
urn:cts:greekLit:tlg0012.tlg001.e3:11.60,
urn:cts:greekLit:tlg0012.tlg001.e3:11.61,
urn:cts:greekLit:tlg0012.tlg001.e3:11.62,
urn:cts:greekLit:tlg0012.tlg001.e3:11.63,
urn:cts:greekLit:tlg0012.tlg001.e3:11.64,
urn:cts:greekLit:tlg0012.tlg001.e3:11.65,
urn:cts:greekLit:tlg0012.tlg001.e3:11.66,
urn:cts:greekLit:tlg0012.tlg001.e3:11.67,
urn:cts:greekLit:tlg0012.tlg001.e3:11.68,
urn:cts:greekLit:tlg0012.tlg001.e3:11.69,
urn:cts:greekLit:tlg0012.tlg001.e3:11.70,
urn:cts:greekLit:tlg0012.tlg001.e3:11.71,
urn:cts:greekLit:tlg0012.tlg001.e3:11.72,
urn:cts:greekLit:tlg0012.tlg001.e3:11.73,
urn:cts:greekLit:tlg0012.tlg001.e3:11.74,
urn:cts:greekLit:tlg0012.tlg001.e3:11.75,
urn:cts:greekLit:tlg0012.tlg001.e3:11.76,
urn:cts:greekLit:tlg0012.tlg001.e3:11.77,
urn:cts:greekLit:tlg0012.tlg001.e3:11.78,
urn:cts:greekLit:tlg0012.tlg001.e3:11.79,
urn:cts:greekLit:tlg0012.tlg001.e3:11.80,
urn:cts:greekLit:tlg0012.tlg001.e3:11.81,
urn:cts:greekLit:tlg0012.tlg001.e3:11.82,
urn:cts:greekLit:tlg0012.tlg001.e3:11.83,
urn:cts:greekLit:tlg0012.tlg001.e3:11.84,
urn:cts:greekLit:tlg0012.tlg001.e3:11.85,
urn:cts:greekLit:tlg0012.tlg001.e3:11.86,
urn:cts:greekLit:tlg0012.tlg001.e3:11.87,
urn:cts:greekLit:tlg0012.tlg001.e3:11.88,
urn:cts:greekLit:tlg0012.tlg001.e3:11.89,
urn:cts:greekLit:tlg0012.tlg001.e3:11.90,
urn:cts:greekLit:tlg0012.tlg001.e3:11.91,
urn:cts:greekLit:tlg0012.tlg001.e3:11.92,
urn:cts:greekLit:tlg0012.tlg001.e3:11.93,
urn:cts:greekLit:tlg0012.tlg001.e3:11.94,
urn:cts:greekLit:tlg0012.tlg001.e3:11.95,"urn:cite:hmt:e3bifolio.E3_138v_139r@0.214,0.3152,0.2145,0.0321"
urn:cts:greekLit:tlg0012.tlg001.e3:11.96,"urn:cite:hmt:e3bifolio.E3_138v_139r@0.2079,0.3356,0.2301,0.0275"
urn:cts:greekLit:tlg0012.tlg001.e3:11.97,"urn:cite:hmt:e3bifolio.E3_138v_139r@0.2118,0.3544,0.2265,0.0233"
urn:cts:greekLit:tlg0012.tlg001.e3:11.98,"urn:cite:hmt:e3bifolio.E3_138v_139r@0.2121,0.3694,0.2284,0.0258"
urn:cts:greekLit:tlg0012.tlg001.e3:11.99,"urn:cite:hmt:e3bifolio.E3_138v_139r@0.2132,0.3852,0.2284,0.0258"
urn:cts:greekLit:tlg0012.tlg001.e3:11.100,"urn:cite:hmt:e3bifolio.E3_138v_139r@0.2129,0.4035,0.2284,0.0258"
urn:cts:greekLit:tlg0012.tlg001.e3:11.101,"urn:cite:hmt:e3bifolio.E3_138v_139r@0.2129,0.4231,0.2206,0.0258"
urn:cts:greekLit:tlg0012.tlg001.e3:11.102,"urn:cite:hmt:e3bifolio.E3_138v_139r@0.2118,0.4373,0.2206,0.0258"
urn:cts:greekLit:tlg0012.tlg001.e3:11.103,"urn:cite:hmt:e3bifolio.E3_138v_139r@0.211,0.4544,0.2251,0.0246"
urn:cts:greekLit:tlg0012.tlg001.e3:11.104,"urn:cite:hmt:e3bifolio.E3_138v_139r@0.2107,0.4731,0.2251,0.0246"
urn:cts:greekLit:tlg0012.tlg001.e3:11.105,"urn:cite:hmt:e3bifolio.E3_138v_139r@0.2115,0.4894,0.2131,0.0246"
urn:cts:greekLit:tlg0012.tlg001.e3:11.106,"urn:cite:hmt:e3bifolio.E3_138v_139r@0.2129,0.5044,0.2315,0.0246"
urn:cts:greekLit:tlg0012.tlg001.e3:11.107,"urn:cite:hmt:e3bifolio.E3_138v_139r@0.2124,0.5206,0.2156,0.0246"
urn:cts:greekLit:tlg0012.tlg001.e3:11.108,"urn:cite:hmt:e3bifolio.E3_138v_139r@0.2121,0.541,0.2206,0.0258"
urn:cts:greekLit:tlg0012.tlg001.e3:11.109,"urn:cite:hmt:e3bifolio.E3_138v_139r@0.2115,0.5565,0.2309,0.0258"
urn:cts:greekLit:tlg0012.tlg001.e3:11.110,"urn:cite:hmt:e3bifolio.E3_138v_139r@0.2113,0.5719,0.2253,0.0233"
urn:cts:greekLit:tlg0012.tlg001.e3:11.111,"urn:cite:hmt:e3bifolio.E3_138v_139r@0.2107,0.5885,0.2253,0.0233"
urn:cts:greekLit:tlg0012.tlg001.e3:11.112,"urn:cite:hmt:e3bifolio.E3_138v_139r@0.2132,0.6056,0.2253,0.0233"
urn:cts:greekLit:tlg0012.tlg001.e3:11.113,"urn:cite:hmt:e3bifolio.E3_138v_139r@0.2043,0.6231,0.2295,0.0233"
urn:cts:greekLit:tlg0012.tlg001.e3:11.114,"urn:cite:hmt:e3bifolio.E3_138v_139r@0.2129,0.639,0.2217,0.0262"
urn:cts:greekLit:tlg0012.tlg001.e3:11.115,"urn:cite:hmt:e3bifolio.E3_138v_139r@0.2129,0.6548,0.2253,0.0262"
urn:cts:greekLit:tlg0012.tlg001.e3:11.116,"urn:cite:hmt:e3bifolio.E3_138v_139r@0.2118,0.671,0.2265,0.0262"
urn:cts:greekLit:tlg0012.tlg001.e3:11.117,"urn:cite:hmt:e3bifolio.E3_138v_139r@0.2121,0.6877,0.222,0.0229"
urn:cts:greekLit:tlg0012.tlg001.e3:11.118,"urn:cite:hmt:e3bifolio.E3_138v_139r@0.2129,0.7052,0.2184,0.0296"
urn:cts:greekLit:tlg0012.tlg001.e3:11.119,"urn:cite:hmt:e3bifolio.E3_138v_139r@0.4759,0.3244,0.2178,0.0245"
urn:cts:greekLit:tlg0012.tlg001.e3:11.120,"urn:cite:hmt:e3bifolio.E3_138v_139r@0.4762,0.3436,0.2227,0.0245"
urn:cts:greekLit:tlg0012.tlg001.e3:11.121,"urn:cite:hmt:e3bifolio.E3_138v_139r@0.4759,0.3591,0.2192,0.0245"
urn:cts:greekLit:tlg0012.tlg001.e3:11.122,"urn:cite:hmt:e3bifolio.E3_138v_139r@0.4697,0.3767,0.2243,0.0245"
urn:cts:greekLit:tlg0012.tlg001.e3:11.123,"urn:cite:hmt:e3bifolio.E3_138v_139r@0.4748,0.3926,0.2202,0.0245"
urn:cts:greekLit:tlg0012.tlg001.e3:11.124,"urn:cite:hmt:e3bifolio.E3_138v_139r@0.4754,0.4122,0.2202,0.0245"
urn:cts:greekLit:tlg0012.tlg001.e3:11.125,"urn:cite:hmt:e3bifolio.E3_138v_139r@0.4751,0.4261,0.2202,0.0245"
urn:cts:greekLit:tlg0012.tlg001.e3:11.126,"urn:cite:hmt:e3bifolio.E3_138v_139r@0.474,0.4444,0.2202,0.0245"
urn:cts:greekLit:tlg0012.tlg001.e3:11.127,"urn:cite:hmt:e3bifolio.E3_138v_139r@0.4746,0.4587,0.226,0.0245"
urn:cts:greekLit:tlg0012.tlg001.e3:11.128,"urn:cite:hmt:e3bifolio.E3_138v_139r@0.4727,0.4775,0.226,0.0245"
urn:cts:greekLit:tlg0012.tlg001.e3:11.129,"urn:cite:hmt:e3bifolio.E3_138v_139r@0.4724,0.4934,0.226,0.0245"
urn:cts:greekLit:tlg0012.tlg001.e3:11.130,"urn:cite:hmt:e3bifolio.E3_138v_139r@0.4732,0.5101,0.226,0.0245"
urn:cts:greekLit:tlg0012.tlg001.e3:11.131,"urn:cite:hmt:e3bifolio.E3_138v_139r@0.4694,0.5273,0.22,0.0273"
urn:cts:greekLit:tlg0012.tlg001.e3:11.132,"urn:cite:hmt:e3bifolio.E3_138v_139r@0.4713,0.5416,0.22,0.0273"
urn:cts:greekLit:tlg0012.tlg001.e3:11.133,"urn:cite:hmt:e3bifolio.E3_138v_139r@0.471,0.5591,0.22,0.0273"
urn:cts:greekLit:tlg0012.tlg001.e3:11.134,"urn:cite:hmt:e3bifolio.E3_138v_139r@0.4751,0.5759,0.2145,0.0273"
urn:cts:greekLit:tlg0012.tlg001.e3:11.135,"urn:cite:hmt:e3bifolio.E3_138v_139r@0.4751,0.5959,0.2145,0.0229"
urn:cts:greekLit:tlg0012.tlg001.e3:11.136,"urn:cite:hmt:e3bifolio.E3_138v_139r@0.4664,0.6102,0.2167,0.0241"
urn:cts:greekLit:tlg0012.tlg001.e3:11.137,"urn:cite:hmt:e3bifolio.E3_138v_139r@0.4751,0.6285,0.2197,0.0253"
urn:cts:greekLit:tlg0012.tlg001.e3:11.138,"urn:cite:hmt:e3bifolio.E3_138v_139r@0.468,0.644,0.2096,0.0253"
urn:cts:greekLit:tlg0012.tlg001.e3:11.139,"urn:cite:hmt:e3bifolio.E3_138v_139r@0.4746,0.66,0.2072,0.0257"
urn:cts:greekLit:tlg0012.tlg001.e3:11.140,"urn:cite:hmt:e3bifolio.E3_138v_139r@0.4748,0.6722,0.1977,0.0302"
urn:cts:greekLit:tlg0012.tlg001.e3:11.141,"urn:cite:hmt:e3bifolio.E3_138v_139r@0.4757,0.6934,0.2094,0.0237"
urn:cts:greekLit:tlg0012.tlg001.e3:11.142,"urn:cite:hmt:e3bifolio.E3_138v_139r@0.4773,0.7081,0.2118,0.0253"
urn:cts:greekLit:tlg0012.tlg001.e3:11.143,"urn:cite:hmt:e3bifolio.E3_139v_140r@0.2265,0.3133,0.2084,0.0356"
urn:cts:greekLit:tlg0012.tlg001.e3:11.144,"urn:cite:hmt:e3bifolio.E3_139v_140r@0.2344,0.3382,0.211,0.0217"
urn:cts:greekLit:tlg0012.tlg001.e3:11.145,"urn:cite:hmt:e3bifolio.E3_139v_140r@0.2321,0.3541,0.211,0.0285"
urn:cts:greekLit:tlg0012.tlg001.e3:11.146,"urn:cite:hmt:e3bifolio.E3_139v_140r@0.2344,0.3683,0.2129,0.0293"
urn:cts:greekLit:tlg0012.tlg001.e3:11.147,"urn:cite:hmt:e3bifolio.E3_139v_140r@0.2313,0.3892,0.2071,0.0202"
urn:cts:greekLit:tlg0012.tlg001.e3:11.148,"urn:cite:hmt:e3bifolio.E3_139v_140r@0.2347,0.4039,0.2181,0.0229"
urn:cts:greekLit:tlg0012.tlg001.e3:11.149,"urn:cite:hmt:e3bifolio.E3_139v_140r@0.2336,0.4193,0.2144,0.0253"
urn:cts:greekLit:tlg0012.tlg001.e3:11.150,"urn:cite:hmt:e3bifolio.E3_139v_140r@0.2326,0.4371,0.2089,0.0253"
urn:cts:greekLit:tlg0012.tlg001.e3:11.151,"urn:cite:hmt:e3bifolio.E3_139v_140r@0.2331,0.4529,0.1936,0.0253"
urn:cts:greekLit:tlg0012.tlg001.e3:11.152,"urn:cite:hmt:e3bifolio.E3_139v_140r@0.2334,0.4695,0.2121,0.0253"
urn:cts:greekLit:tlg0012.tlg001.e3:11.153,"urn:cite:hmt:e3bifolio.E3_139v_140r@0.2339,0.4896,0.2121,0.0237"
urn:cts:greekLit:tlg0012.tlg001.e3:11.154,"urn:cite:hmt:e3bifolio.E3_139v_140r@0.2334,0.5043,0.2047,0.0249"
urn:cts:greekLit:tlg0012.tlg001.e3:11.155,"urn:cite:hmt:e3bifolio.E3_139v_140r@0.2242,0.5197,0.2187,0.0281"
urn:cts:greekLit:tlg0012.tlg001.e3:11.156,"urn:cite:hmt:e3bifolio.E3_139v_140r@0.2315,0.5371,0.2187,0.0281"
urn:cts:greekLit:tlg0012.tlg001.e3:11.157,"urn:cite:hmt:e3bifolio.E3_139v_140r@0.2336,0.5529,0.216,0.0265"
urn:cts:greekLit:tlg0012.tlg001.e3:11.158,"urn:cite:hmt:e3bifolio.E3_139v_140r@0.2281,0.5719,0.2176,0.0229"
urn:cts:greekLit:tlg0012.tlg001.e3:11.159,"urn:cite:hmt:e3bifolio.E3_139v_140r@0.2328,0.5889,0.2158,0.0229"
urn:cts:greekLit:tlg0012.tlg001.e3:11.160,"urn:cite:hmt:e3bifolio.E3_139v_140r@0.2331,0.6015,0.2263,0.0289"
urn:cts:greekLit:tlg0012.tlg001.e3:11.161,"urn:cite:hmt:e3bifolio.E3_139v_140r@0.2305,0.6221,0.2113,0.0221"
urn:cts:greekLit:tlg0012.tlg001.e3:11.162,"urn:cite:hmt:e3bifolio.E3_139v_140r@0.2336,0.6367,0.2068,0.0249"
urn:cts:greekLit:tlg0012.tlg001.e3:11.163,"urn:cite:hmt:e3bifolio.E3_139v_140r@0.2326,0.6521,0.2173,0.0249"
urn:cts:greekLit:tlg0012.tlg001.e3:11.164,"urn:cite:hmt:e3bifolio.E3_139v_140r@0.2336,0.666,0.2173,0.0269"
urn:cts:greekLit:tlg0012.tlg001.e3:11.165,"urn:cite:hmt:e3bifolio.E3_139v_140r@0.2326,0.6845,0.2123,0.0245"
urn:cts:greekLit:tlg0012.tlg001.e3:11.166,"urn:cite:hmt:e3bifolio.E3_139v_140r@0.2323,0.7027,0.2084,0.0245"
urn:cts:greekLit:tlg0012.tlg001.e3:11.167,"urn:cite:hmt:e3bifolio.E3_139v_140r@0.4908,0.3224,0.1899,0.0287"
urn:cts:greekLit:tlg0012.tlg001.e3:11.168,"urn:cite:hmt:e3bifolio.E3_139v_140r@0.491,0.3399,0.2014,0.0311"
urn:cts:greekLit:tlg0012.tlg001.e3:11.169,"urn:cite:hmt:e3bifolio.E3_139v_140r@0.4905,0.3618,0.2176,0.0247"
urn:cts:greekLit:tlg0012.tlg001.e3:11.170,"urn:cite:hmt:e3bifolio.E3_139v_140r@0.4836,0.3789,0.2176,0.0263"
urn:cts:greekLit:tlg0012.tlg001.e3:11.171,"urn:cite:hmt:e3bifolio.E3_139v_140r@0.4903,0.3965,0.2176,0.0243"
urn:cts:greekLit:tlg0012.tlg001.e3:11.172,"urn:cite:hmt:e3bifolio.E3_139v_140r@0.4897,0.4124,0.2075,0.0243"
urn:cts:greekLit:tlg0012.tlg001.e3:11.173,"urn:cite:hmt:e3bifolio.E3_139v_140r@0.49,0.4311,0.2075,0.0243"
urn:cts:greekLit:tlg0012.tlg001.e3:11.174,"urn:cite:hmt:e3bifolio.E3_139v_140r@0.4905,0.4467,0.2125,0.0267"
urn:cts:greekLit:tlg0012.tlg001.e3:11.175,"urn:cite:hmt:e3bifolio.E3_139v_140r@0.49,0.4626,0.2125,0.0287"
urn:cts:greekLit:tlg0012.tlg001.e3:11.176,"urn:cite:hmt:e3bifolio.E3_139v_140r@0.4885,0.4825,0.2368,0.0243"
urn:cts:greekLit:tlg0012.tlg001.e3:11.177,"urn:cite:hmt:e3bifolio.E3_139v_140r@0.489,0.4986,0.219,0.0243"
urn:cts:greekLit:tlg0012.tlg001.e3:11.178,"urn:cite:hmt:e3bifolio.E3_139v_140r@0.4888,0.515,0.21,0.023"
urn:cts:greekLit:tlg0012.tlg001.e3:11.179,"urn:cite:hmt:e3bifolio.E3_139v_140r@0.4871,0.5335,0.21,0.023"
urn:cts:greekLit:tlg0012.tlg001.e3:11.180,"urn:cite:hmt:e3bifolio.E3_139v_140r@0.4882,0.5504,0.21,0.023"
urn:cts:greekLit:tlg0012.tlg001.e3:11.181,"urn:cite:hmt:e3bifolio.E3_139v_140r@0.4855,0.566,0.2121,0.0276"
urn:cts:greekLit:tlg0012.tlg001.e3:11.182,"urn:cite:hmt:e3bifolio.E3_139v_140r@0.4863,0.5837,0.2121,0.0243"
urn:cts:greekLit:tlg0012.tlg001.e3:11.183,"urn:cite:hmt:e3bifolio.E3_139v_140r@0.4879,0.6006,0.2012,0.0284"
urn:cts:greekLit:tlg0012.tlg001.e3:11.184,"urn:cite:hmt:e3bifolio.E3_139v_140r@0.4888,0.6187,0.2171,0.0251"
urn:cts:greekLit:tlg0012.tlg001.e3:11.185,"urn:cite:hmt:e3bifolio.E3_139v_140r@0.4868,0.6314,0.2025,0.0276"
urn:cts:greekLit:tlg0012.tlg001.e3:11.186,"urn:cite:hmt:e3bifolio.E3_139v_140r@0.4868,0.6491,0.2111,0.0276"
urn:cts:greekLit:tlg0012.tlg001.e3:11.187,"urn:cite:hmt:e3bifolio.E3_139v_140r@0.4849,0.6635,0.2124,0.03"
urn:cts:greekLit:tlg0012.tlg001.e3:11.188,"urn:cite:hmt:e3bifolio.E3_139v_140r@0.4912,0.6812,0.2124,0.0313"
urn:cts:greekLit:tlg0012.tlg001.e3:11.189,"urn:cite:hmt:e3bifolio.E3_139v_140r@0.4915,0.7005,0.2045,0.0292"
urn:cts:greekLit:tlg0012.tlg001.e3:11.190,"urn:cite:hmt:e3bifolio.E3_139v_140r@0.4907,0.7149,0.2045,0.03"
urn:cts:greekLit:tlg0012.tlg001.e3:11.191,"urn:cite:hmt:e3bifolio.E3_139v_140r@0.4907,0.7314,0.2045,0.0313"
urn:cts:greekLit:tlg0012.tlg001.e3:11.192,"urn:cite:hmt:e3bifolio.E3_140v_141r@0.2435,0.3204,0.1996,0.0355"
urn:cts:greekLit:tlg0012.tlg001.e3:11.193,"urn:cite:hmt:e3bifolio.E3_140v_141r@0.2451,0.3407,0.2109,0.0277"
urn:cts:greekLit:tlg0012.tlg001.e3:11.194,"urn:cite:hmt:e3bifolio.E3_140v_141r@0.2421,0.3576,0.2059,0.026"
urn:cts:greekLit:tlg0012.tlg001.e3:11.195,"urn:cite:hmt:e3bifolio.E3_140v_141r@0.2264,0.3684,0.226,0.0326"
urn:cts:greekLit:tlg0012.tlg001.e3:11.196,"urn:cite:hmt:e3bifolio.E3_140v_141r@0.2421,0.3915,0.1988,0.0264"
urn:cts:greekLit:tlg0012.tlg001.e3:11.197,"urn:cite:hmt:e3bifolio.E3_140v_141r@0.2416,0.4081,0.2018,0.0289"
urn:cts:greekLit:tlg0012.tlg001.e3:11.198,"urn:cite:hmt:e3bifolio.E3_140v_141r@0.2421,0.4275,0.2095,0.0223"
urn:cts:greekLit:tlg0012.tlg001.e3:11.199,"urn:cite:hmt:e3bifolio.E3_140v_141r@0.2424,0.4436,0.209,0.0244"
urn:cts:greekLit:tlg0012.tlg001.e3:11.200,"urn:cite:hmt:e3bifolio.E3_140v_141r@0.2322,0.4609,0.2172,0.0227"
urn:cts:greekLit:tlg0012.tlg001.e3:11.201,"urn:cite:hmt:e3bifolio.E3_140v_141r@0.236,0.4787,0.2214,0.0273"
urn:cts:greekLit:tlg0012.tlg001.e3:11.202,"urn:cite:hmt:e3bifolio.E3_140v_141r@0.2407,0.4932,0.2117,0.0269"
urn:cts:greekLit:tlg0012.tlg001.e3:11.203,"urn:cite:hmt:e3bifolio.E3_140v_141r@0.2413,0.5109,0.2216,0.0269"
urn:cts:greekLit:tlg0012.tlg001.e3:11.204,"urn:cite:hmt:e3bifolio.E3_140v_141r@0.2413,0.5279,0.2103,0.0277"
urn:cts:greekLit:tlg0012.tlg001.e3:11.205,"urn:cite:hmt:e3bifolio.E3_140v_141r@0.2429,0.5465,0.2081,0.0236"
urn:cts:greekLit:tlg0012.tlg001.e3:11.206,"urn:cite:hmt:e3bifolio.E3_140v_141r@0.2424,0.563,0.2054,0.0236"
urn:cts:greekLit:tlg0012.tlg001.e3:11.207,"urn:cite:hmt:e3bifolio.E3_140v_141r@0.2418,0.5804,0.2054,0.0236"
urn:cts:greekLit:tlg0012.tlg001.e3:11.208,"urn:cite:hmt:e3bifolio.E3_140v_141r@0.2424,0.5965,0.2054,0.0236"
urn:cts:greekLit:tlg0012.tlg001.e3:11.209,"urn:cite:hmt:e3bifolio.E3_140v_141r@0.2413,0.6118,0.2067,0.026"
urn:cts:greekLit:tlg0012.tlg001.e3:11.210,"urn:cite:hmt:e3bifolio.E3_140v_141r@0.2338,0.6262,0.2128,0.026"
urn:cts:greekLit:tlg0012.tlg001.e3:11.211,"urn:cite:hmt:e3bifolio.E3_140v_141r@0.2388,0.644,0.209,0.0298"
urn:cts:greekLit:tlg0012.tlg001.e3:11.212,"urn:cite:hmt:e3bifolio.E3_140v_141r@0.241,0.6614,0.2117,0.0293"
urn:cts:greekLit:tlg0012.tlg001.e3:11.213,"urn:cite:hmt:e3bifolio.E3_140v_141r@0.2424,0.6767,0.2056,0.0293"
urn:cts:greekLit:tlg0012.tlg001.e3:11.214,"urn:cite:hmt:e3bifolio.E3_140v_141r@0.2377,0.6953,0.2106,0.024"
urn:cts:greekLit:tlg0012.tlg001.e3:11.215,"urn:cite:hmt:e3bifolio.E3_140v_141r@0.2416,0.713,0.2073,0.026"
urn:cts:greekLit:tlg0012.tlg001.e3:11.216,"urn:cite:hmt:e3bifolio.E3_140v_141r@0.2416,0.7258,0.2131,0.0331"
urn:cts:greekLit:tlg0012.tlg001.e3:11.217,"urn:cite:hmt:e3bifolio.E3_140v_141r@0.4865,0.3243,0.2332,0.0315"
urn:cts:greekLit:tlg0012.tlg001.e3:11.218,"urn:cite:hmt:e3bifolio.E3_140v_141r@0.4805,0.3498,0.2332,0.0255"
urn:cts:greekLit:tlg0012.tlg001.e3:11.219,"urn:cite:hmt:e3bifolio.E3_140v_141r@0.4855,0.3649,0.2252,0.0255"
urn:cts:greekLit:tlg0012.tlg001.e3:11.220,"urn:cite:hmt:e3bifolio.E3_140v_141r@0.4885,0.3799,0.2132,0.0285"
urn:cts:greekLit:tlg0012.tlg001.e3:11.221,"urn:cite:hmt:e3bifolio.E3_140v_141r@0.4825,0.3979,0.2212,0.03"
urn:cts:greekLit:tlg0012.tlg001.e3:11.222,"urn:cite:hmt:e3bifolio.E3_140v_141r@0.4865,0.4129,0.2252,0.0315"
urn:cts:greekLit:tlg0012.tlg001.e3:11.223,"urn:cite:hmt:e3bifolio.E3_140v_141r@0.4875,0.4324,0.2212,0.03"
urn:cts:greekLit:tlg0012.tlg001.e3:11.224,"urn:cite:hmt:e3bifolio.E3_140v_141r@0.4885,0.4489,0.2212,0.03"
urn:cts:greekLit:tlg0012.tlg001.e3:11.225,"urn:cite:hmt:e3bifolio.E3_140v_141r@0.4865,0.4655,0.2112,0.0285"
urn:cts:greekLit:tlg0012.tlg001.e3:11.226,"urn:cite:hmt:e3bifolio.E3_140v_141r@0.4875,0.482,0.2232,0.0285"
urn:cts:greekLit:tlg0012.tlg001.e3:11.227,"urn:cite:hmt:e3bifolio.E3_140v_141r@0.4915,0.503,0.2222,0.027"
urn:cts:greekLit:tlg0012.tlg001.e3:11.228,"urn:cite:hmt:e3bifolio.E3_140v_141r@0.4885,0.518,0.2222,0.027"
urn:cts:greekLit:tlg0012.tlg001.e3:11.229,"urn:cite:hmt:e3bifolio.E3_140v_141r@0.4875,0.536,0.2242,0.027"
urn:cts:greekLit:tlg0012.tlg001.e3:11.230,"urn:cite:hmt:e3bifolio.E3_140v_141r@0.4885,0.5541,0.2192,0.027"
urn:cts:greekLit:tlg0012.tlg001.e3:11.231,"urn:cite:hmt:e3bifolio.E3_140v_141r@0.4895,0.5691,0.2192,0.027"
urn:cts:greekLit:tlg0012.tlg001.e3:11.232,"urn:cite:hmt:e3bifolio.E3_140v_141r@0.4815,0.5871,0.2242,0.027"
urn:cts:greekLit:tlg0012.tlg001.e3:11.233,"urn:cite:hmt:e3bifolio.E3_140v_141r@0.4885,0.6051,0.2222,0.0225"
urn:cts:greekLit:tlg0012.tlg001.e3:11.234,"urn:cite:hmt:e3bifolio.E3_140v_141r@0.4895,0.6186,0.2162,0.0285"
urn:cts:greekLit:tlg0012.tlg001.e3:11.235,"urn:cite:hmt:e3bifolio.E3_140v_141r@0.4885,0.6351,0.2212,0.0285"
urn:cts:greekLit:tlg0012.tlg001.e3:11.236,"urn:cite:hmt:e3bifolio.E3_140v_141r@0.4875,0.6532,0.2192,0.0255"
urn:cts:greekLit:tlg0012.tlg001.e3:11.237,"urn:cite:hmt:e3bifolio.E3_140v_141r@0.4865,0.6667,0.2282,0.033"
urn:cts:greekLit:tlg0012.tlg001.e3:11.238,"urn:cite:hmt:e3bifolio.E3_140v_141r@0.4865,0.6877,0.2212,0.0225"
urn:cts:greekLit:tlg0012.tlg001.e3:11.239,"urn:cite:hmt:e3bifolio.E3_140v_141r@0.4865,0.7012,0.2212,0.03"
urn:cts:greekLit:tlg0012.tlg001.e3:11.240,"urn:cite:hmt:e3bifolio.E3_140v_141r@0.4865,0.7177,0.2332,0.027"
urn:cts:greekLit:tlg0012.tlg001.e3:11.241,"urn:cite:hmt:e3bifolio.E3_140v_141r@0.4845,0.7297,0.2332,0.039"
urn:cts:greekLit:tlg0012.tlg001.e3:11.242,"urn:cite:hmt:e3bifolio.E3_141v_142r@0.2332,0.3138,0.2182,0.0375"
urn:cts:greekLit:tlg0012.tlg001.e3:11.243,"urn:cite:hmt:e3bifolio.E3_141v_142r@0.2332,0.3363,0.2182,0.0315"
urn:cts:greekLit:tlg0012.tlg001.e3:11.244,"urn:cite:hmt:e3bifolio.E3_141v_142r@0.2312,0.3574,0.2252,0.027"
urn:cts:greekLit:tlg0012.tlg001.e3:11.245,"urn:cite:hmt:e3bifolio.E3_141v_142r@0.2302,0.3739,0.2232,0.0255"
urn:cts:greekLit:tlg0012.tlg001.e3:11.246,"urn:cite:hmt:e3bifolio.E3_141v_142r@0.2302,0.3919,0.2082,0.0225"
urn:cts:greekLit:tlg0012.tlg001.e3:11.247,"urn:cite:hmt:e3bifolio.E3_141v_142r@0.2322,0.4069,0.2152,0.027"
urn:cts:greekLit:tlg0012.tlg001.e3:11.248,"urn:cite:hmt:e3bifolio.E3_141v_142r@0.2222,0.4234,0.2292,0.0285"
urn:cts:greekLit:tlg0012.tlg001.e3:11.249,"urn:cite:hmt:e3bifolio.E3_141v_142r@0.2322,0.4444,0.2172,0.024"
urn:cts:greekLit:tlg0012.tlg001.e3:11.250,"urn:cite:hmt:e3bifolio.E3_141v_142r@0.2302,0.4595,0.2172,0.024"
urn:cts:greekLit:tlg0012.tlg001.e3:11.251,"urn:cite:hmt:e3bifolio.E3_141v_142r@0.2325,0.4731,0.2167,0.0284"
urn:cts:greekLit:tlg0012.tlg001.e3:11.252,"urn:cite:hmt:e3bifolio.E3_141v_142r@0.2345,0.4912,0.2167,0.0284"
urn:cts:greekLit:tlg0012.tlg001.e3:11.253,"urn:cite:hmt:e3bifolio.E3_141v_142r@0.2339,0.5089,0.2167,0.0245"
urn:cts:greekLit:tlg0012.tlg001.e3:11.254,"urn:cite:hmt:e3bifolio.E3_141v_142r@0.2345,0.5265,0.2167,0.0245"
urn:cts:greekLit:tlg0012.tlg001.e3:11.255,"urn:cite:hmt:e3bifolio.E3_141v_142r@0.2345,0.5429,0.2167,0.0245"
urn:cts:greekLit:tlg0012.tlg001.e3:11.256,"urn:cite:hmt:e3bifolio.E3_141v_142r@0.235,0.5609,0.2167,0.0245"
urn:cts:greekLit:tlg0012.tlg001.e3:11.257,"urn:cite:hmt:e3bifolio.E3_141v_142r@0.2282,0.5777,0.2167,0.0245"
urn:cts:greekLit:tlg0012.tlg001.e3:11.258,"urn:cite:hmt:e3bifolio.E3_141v_142r@0.2333,0.5941,0.2167,0.0245"
urn:cts:greekLit:tlg0012.tlg001.e3:11.259,"urn:cite:hmt:e3bifolio.E3_141v_142r@0.2348,0.6104,0.2167,0.0245"
urn:cts:greekLit:tlg0012.tlg001.e3:11.260,"urn:cite:hmt:e3bifolio.E3_141v_142r@0.2342,0.6268,0.2167,0.0245"
urn:cts:greekLit:tlg0012.tlg001.e3:11.261,"urn:cite:hmt:e3bifolio.E3_141v_142r@0.2356,0.6444,0.2167,0.0245"
urn:cts:greekLit:tlg0012.tlg001.e3:11.262,"urn:cite:hmt:e3bifolio.E3_141v_142r@0.2276,0.6586,0.2167,0.0245"
urn:cts:greekLit:tlg0012.tlg001.e3:11.263,"urn:cite:hmt:e3bifolio.E3_141v_142r@0.2328,0.6772,0.2167,0.0245"
urn:cts:greekLit:tlg0012.tlg001.e3:11.264,"urn:cite:hmt:e3bifolio.E3_141v_142r@0.235,0.6909,0.2167,0.0271"
urn:cts:greekLit:tlg0012.tlg001.e3:11.265,"urn:cite:hmt:e3bifolio.E3_141v_142r@0.229,0.7116,0.2167,0.0271"
urn:cts:greekLit:tlg0012.tlg001.e3:11.266,"urn:cite:hmt:e3bifolio.E3_141v_142r@0.5058,0.3234,0.2184,0.0301"
urn:cts:greekLit:tlg0012.tlg001.e3:11.267,"urn:cite:hmt:e3bifolio.E3_141v_142r@0.5094,0.3428,0.2184,0.0301"
urn:cts:greekLit:tlg0012.tlg001.e3:11.268,"urn:cite:hmt:e3bifolio.E3_141v_142r@0.5078,0.3617,0.2184,0.0301"
urn:cts:greekLit:tlg0012.tlg001.e3:11.269,"urn:cite:hmt:e3bifolio.E3_141v_142r@0.4994,0.3757,0.2258,0.0301"
urn:cts:greekLit:tlg0012.tlg001.e3:11.270,"urn:cite:hmt:e3bifolio.E3_141v_142r@0.499,0.3927,0.2258,0.0301"
urn:cts:greekLit:tlg0012.tlg001.e3:11.271,"urn:cite:hmt:e3bifolio.E3_141v_142r@0.5003,0.4106,0.2258,0.0301"
urn:cts:greekLit:tlg0012.tlg001.e3:11.272,"urn:cite:hmt:e3bifolio.E3_141v_142r@0.5013,0.4286,0.2258,0.0257"
urn:cts:greekLit:tlg0012.tlg001.e3:11.273,"urn:cite:hmt:e3bifolio.E3_141v_142r@0.5013,0.4441,0.2258,0.0257"
urn:cts:greekLit:tlg0012.tlg001.e3:11.274,"urn:cite:hmt:e3bifolio.E3_141v_142r@0.5039,0.4615,0.2293,0.0257"
urn:cts:greekLit:tlg0012.tlg001.e3:11.275,"urn:cite:hmt:e3bifolio.E3_141v_142r@0.5032,0.4785,0.2293,0.0247"
urn:cts:greekLit:tlg0012.tlg001.e3:11.276,"urn:cite:hmt:e3bifolio.E3_141v_142r@0.4987,0.494,0.2293,0.0247"
urn:cts:greekLit:tlg0012.tlg001.e3:11.277,"urn:cite:hmt:e3bifolio.E3_141v_142r@0.4997,0.5115,0.2293,0.0247"
urn:cts:greekLit:tlg0012.tlg001.e3:11.278,"urn:cite:hmt:e3bifolio.E3_141v_142r@0.5016,0.5284,0.2293,0.0247"
urn:cts:greekLit:tlg0012.tlg001.e3:11.279,"urn:cite:hmt:e3bifolio.E3_141v_142r@0.5007,0.5439,0.2293,0.0247"
urn:cts:greekLit:tlg0012.tlg001.e3:11.280,"urn:cite:hmt:e3bifolio.E3_141v_142r@0.4968,0.5628,0.2345,0.0247"
urn:cts:greekLit:tlg0012.tlg001.e3:11.281,"urn:cite:hmt:e3bifolio.E3_141v_142r@0.4981,0.5788,0.2345,0.0247"
urn:cts:greekLit:tlg0012.tlg001.e3:11.282,"urn:cite:hmt:e3bifolio.E3_141v_142r@0.4971,0.5939,0.2345,0.0237"
urn:cts:greekLit:tlg0012.tlg001.e3:11.283,"urn:cite:hmt:e3bifolio.E3_141v_142r@0.4958,0.6142,0.2345,0.0204"
urn:cts:greekLit:tlg0012.tlg001.e3:11.284,"urn:cite:hmt:e3bifolio.E3_141v_142r@0.4929,0.6268,0.2345,0.0262"
urn:cts:greekLit:tlg0012.tlg001.e3:11.285,"urn:cite:hmt:e3bifolio.E3_141v_142r@0.4929,0.6457,0.2345,0.0233"
urn:cts:greekLit:tlg0012.tlg001.e3:11.286,"urn:cite:hmt:e3bifolio.E3_141v_142r@0.4926,0.6622,0.2345,0.0233"
urn:cts:greekLit:tlg0012.tlg001.e3:11.287,"urn:cite:hmt:e3bifolio.E3_141v_142r@0.4926,0.6787,0.2345,0.0233"
urn:cts:greekLit:tlg0012.tlg001.e3:11.288,"urn:cite:hmt:e3bifolio.E3_141v_142r@0.4935,0.6937,0.2345,0.0233"
urn:cts:greekLit:tlg0012.tlg001.e3:11.289,"urn:cite:hmt:e3bifolio.E3_141v_142r@0.4942,0.7097,0.2345,0.0315"
urn:cts:greekLit:tlg0012.tlg001.e3:11.290,"urn:cite:hmt:e3bifolio.E3_142v_143r@0.2247,0.3203,0.2292,0.038"
urn:cts:greekLit:tlg0012.tlg001.e3:11.291,"urn:cite:hmt:e3bifolio.E3_142v_143r@0.2203,0.3461,0.2292,0.0277"
urn:cts:greekLit:tlg0012.tlg001.e3:11.292,"urn:cite:hmt:e3bifolio.E3_142v_143r@0.2212,0.364,0.2292,0.0258"
urn:cts:greekLit:tlg0012.tlg001.e3:11.293,"urn:cite:hmt:e3bifolio.E3_142v_143r@0.2219,0.3814,0.2292,0.0258"
urn:cts:greekLit:tlg0012.tlg001.e3:11.294,"urn:cite:hmt:e3bifolio.E3_142v_143r@0.2219,0.3969,0.2292,0.0258"
urn:cts:greekLit:tlg0012.tlg001.e3:11.295,"urn:cite:hmt:e3bifolio.E3_142v_143r@0.2219,0.4138,0.2292,0.0258"
urn:cts:greekLit:tlg0012.tlg001.e3:11.296,"urn:cite:hmt:e3bifolio.E3_142v_143r@0.2225,0.4297,0.2292,0.0258"
urn:cts:greekLit:tlg0012.tlg001.e3:11.297,"urn:cite:hmt:e3bifolio.E3_142v_143r@0.2228,0.4471,0.2292,0.0258"
urn:cts:greekLit:tlg0012.tlg001.e3:11.298,"urn:cite:hmt:e3bifolio.E3_142v_143r@0.2216,0.4636,0.2292,0.023"
urn:cts:greekLit:tlg0012.tlg001.e3:11.299,"urn:cite:hmt:e3bifolio.E3_142v_143r@0.2212,0.4795,0.2292,0.023"
urn:cts:greekLit:tlg0012.tlg001.e3:11.300,"urn:cite:hmt:e3bifolio.E3_142v_143r@0.2206,0.496,0.2292,0.023"
urn:cts:greekLit:tlg0012.tlg001.e3:11.301,"urn:cite:hmt:e3bifolio.E3_142v_143r@0.2203,0.5133,0.2292,0.023"
urn:cts:greekLit:tlg0012.tlg001.e3:11.302,"urn:cite:hmt:e3bifolio.E3_142v_143r@0.2263,0.5303,0.2292,0.023"
urn:cts:greekLit:tlg0012.tlg001.e3:11.303,"urn:cite:hmt:e3bifolio.E3_142v_143r@0.2272,0.5472,0.2292,0.023"
urn:cts:greekLit:tlg0012.tlg001.e3:11.304,"urn:cite:hmt:e3bifolio.E3_142v_143r@0.2212,0.5636,0.2292,0.023"
urn:cts:greekLit:tlg0012.tlg001.e3:11.305,"urn:cite:hmt:e3bifolio.E3_142v_143r@0.2225,0.5786,0.2292,0.023"
urn:cts:greekLit:tlg0012.tlg001.e3:11.306,"urn:cite:hmt:e3bifolio.E3_142v_143r@0.2238,0.5965,0.2292,0.023"
urn:cts:greekLit:tlg0012.tlg001.e3:11.307,"urn:cite:hmt:e3bifolio.E3_142v_143r@0.2241,0.6143,0.2292,0.023"
urn:cts:greekLit:tlg0012.tlg001.e3:11.308,"urn:cite:hmt:e3bifolio.E3_142v_143r@0.2234,0.6289,0.2292,0.023"
urn:cts:greekLit:tlg0012.tlg001.e3:11.309,"urn:cite:hmt:e3bifolio.E3_142v_143r@0.2244,0.6449,0.2292,0.023"
urn:cts:greekLit:tlg0012.tlg001.e3:11.310,"urn:cite:hmt:e3bifolio.E3_142v_143r@0.2206,0.6613,0.2292,0.023"
urn:cts:greekLit:tlg0012.tlg001.e3:11.311,"urn:cite:hmt:e3bifolio.E3_142v_143r@0.2225,0.6787,0.2292,0.0202"
urn:cts:greekLit:tlg0012.tlg001.e3:11.312,"urn:cite:hmt:e3bifolio.E3_142v_143r@0.2231,0.6937,0.2292,0.0202"
urn:cts:greekLit:tlg0012.tlg001.e3:11.313,"urn:cite:hmt:e3bifolio.E3_142v_143r@0.22,0.7092,0.2292,0.0282"
urn:cts:greekLit:tlg0012.tlg001.e3:11.314,"urn:cite:hmt:e3bifolio.E3_142v_143r@0.4992,0.329,0.2222,0.034"
urn:cts:greekLit:tlg0012.tlg001.e3:11.315,"urn:cite:hmt:e3bifolio.E3_142v_143r@0.4994,0.3514,0.2222,0.0261"
urn:cts:greekLit:tlg0012.tlg001.e3:11.316,"urn:cite:hmt:e3bifolio.E3_142v_143r@0.4947,0.3688,0.2222,0.0261"
urn:cts:greekLit:tlg0012.tlg001.e3:11.317,"urn:cite:hmt:e3bifolio.E3_142v_143r@0.4972,0.3883,0.2222,0.0261"
urn:cts:greekLit:tlg0012.tlg001.e3:11.318,"urn:cite:hmt:e3bifolio.E3_142v_143r@0.498,0.407,0.2222,0.0261"
urn:cts:greekLit:tlg0012.tlg001.e3:11.319,"urn:cite:hmt:e3bifolio.E3_142v_143r@0.5016,0.4206,0.2222,0.0261"
urn:cts:greekLit:tlg0012.tlg001.e3:11.320,"urn:cite:hmt:e3bifolio.E3_142v_143r@0.4931,0.4381,0.2222,0.0261"
urn:cts:greekLit:tlg0012.tlg001.e3:11.321,"urn:cite:hmt:e3bifolio.E3_142v_143r@0.498,0.4563,0.2222,0.0261"
urn:cts:greekLit:tlg0012.tlg001.e3:11.322,"urn:cite:hmt:e3bifolio.E3_142v_143r@0.5003,0.4717,0.2222,0.0261"
urn:cts:greekLit:tlg0012.tlg001.e3:11.323,"urn:cite:hmt:e3bifolio.E3_142v_143r@0.5016,0.4891,0.2267,0.0261"
urn:cts:greekLit:tlg0012.tlg001.e3:11.324,"urn:cite:hmt:e3bifolio.E3_142v_143r@0.4903,0.5078,0.2267,0.0261"
urn:cts:greekLit:tlg0012.tlg001.e3:11.325,"urn:cite:hmt:e3bifolio.E3_142v_143r@0.4908,0.5252,0.2267,0.0261"
urn:cts:greekLit:tlg0012.tlg001.e3:11.326,"urn:cite:hmt:e3bifolio.E3_142v_143r@0.4917,0.5414,0.2267,0.0261"
urn:cts:greekLit:tlg0012.tlg001.e3:11.327,"urn:cite:hmt:e3bifolio.E3_142v_143r@0.4928,0.5609,0.2267,0.0261"
urn:cts:greekLit:tlg0012.tlg001.e3:11.328,"urn:cite:hmt:e3bifolio.E3_142v_143r@0.4936,0.5775,0.2267,0.0241"
urn:cts:greekLit:tlg0012.tlg001.e3:11.329,"urn:cite:hmt:e3bifolio.E3_142v_143r@0.4942,0.5945,0.2267,0.0241"
urn:cts:greekLit:tlg0012.tlg001.e3:11.330,"urn:cite:hmt:e3bifolio.E3_142v_143r@0.4936,0.6119,0.2267,0.0241"
urn:cts:greekLit:tlg0012.tlg001.e3:11.331,"urn:cite:hmt:e3bifolio.E3_142v_143r@0.4944,0.6289,0.2267,0.0241"
urn:cts:greekLit:tlg0012.tlg001.e3:11.332,"urn:cite:hmt:e3bifolio.E3_142v_143r@0.4942,0.6442,0.2267,0.0241"
urn:cts:greekLit:tlg0012.tlg001.e3:11.333,"urn:cite:hmt:e3bifolio.E3_142v_143r@0.4942,0.6625,0.2267,0.0241"
urn:cts:greekLit:tlg0012.tlg001.e3:11.334,"urn:cite:hmt:e3bifolio.E3_142v_143r@0.4944,0.6808,0.2267,0.0241"
urn:cts:greekLit:tlg0012.tlg001.e3:11.335,"urn:cite:hmt:e3bifolio.E3_142v_143r@0.4942,0.6969,0.2267,0.0212"
urn:cts:greekLit:tlg0012.tlg001.e3:11.336,"urn:cite:hmt:e3bifolio.E3_142v_143r@0.4928,0.7135,0.2267,0.0232"
urn:cts:greekLit:tlg0012.tlg001.e3:11.337,"urn:cite:hmt:e3bifolio.E3_142v_143r@0.4961,0.7293,0.2153,0.0382"
urn:cts:greekLit:tlg0012.tlg001.e3:11.338,"urn:cite:hmt:e3bifolio.E3_143v_144r@0.2306,0.3233,0.2167,0.0307"
urn:cts:greekLit:tlg0012.tlg001.e3:11.339,"urn:cite:hmt:e3bifolio.E3_143v_144r@0.2331,0.3453,0.2167,0.0266"
urn:cts:greekLit:tlg0012.tlg001.e3:11.340,"urn:cite:hmt:e3bifolio.E3_143v_144r@0.2348,0.3611,0.2167,0.0237"
urn:cts:greekLit:tlg0012.tlg001.e3:11.341,"urn:cite:hmt:e3bifolio.E3_143v_144r@0.2353,0.3781,0.2167,0.0237"
urn:cts:greekLit:tlg0012.tlg001.e3:11.342,"urn:cite:hmt:e3bifolio.E3_143v_144r@0.2345,0.396,0.2167,0.0237"
urn:cts:greekLit:tlg0012.tlg001.e3:11.343,"urn:cite:hmt:e3bifolio.E3_143v_144r@0.2259,0.4117,0.2206,0.0237"
urn:cts:greekLit:tlg0012.tlg001.e3:11.344,"urn:cite:hmt:e3bifolio.E3_143v_144r@0.2312,0.4296,0.2206,0.0237"
urn:cts:greekLit:tlg0012.tlg001.e3:11.345,"urn:cite:hmt:e3bifolio.E3_143v_144r@0.2284,0.4479,0.2206,0.0237"
urn:cts:greekLit:tlg0012.tlg001.e3:11.346,"urn:cite:hmt:e3bifolio.E3_143v_144r@0.2298,0.4636,0.2206,0.0237"
urn:cts:greekLit:tlg0012.tlg001.e3:11.347,"urn:cite:hmt:e3bifolio.E3_143v_144r@0.2298,0.4815,0.2206,0.0237"
urn:cts:greekLit:tlg0012.tlg001.e3:11.348,"urn:cite:hmt:e3bifolio.E3_143v_144r@0.2312,0.4973,0.2206,0.0237"
urn:cts:greekLit:tlg0012.tlg001.e3:11.349,"urn:cite:hmt:e3bifolio.E3_143v_144r@0.2298,0.5155,0.2206,0.0237"
urn:cts:greekLit:tlg0012.tlg001.e3:11.350,"urn:cite:hmt:e3bifolio.E3_143v_144r@0.2351,0.5309,0.2206,0.0237"
urn:cts:greekLit:tlg0012.tlg001.e3:11.351,"urn:cite:hmt:e3bifolio.E3_143v_144r@0.2392,0.5433,0.2206,0.0286"
urn:cts:greekLit:tlg0012.tlg001.e3:11.352,"urn:cite:hmt:e3bifolio.E3_143v_144r@0.2384,0.567,0.2206,0.0224"
urn:cts:greekLit:tlg0012.tlg001.e3:11.353,"urn:cite:hmt:e3bifolio.E3_143v_144r@0.2381,0.5828,0.2206,0.0224"
urn:cts:greekLit:tlg0012.tlg001.e3:11.354,"urn:cite:hmt:e3bifolio.E3_143v_144r@0.2287,0.6002,0.2206,0.0203"
urn:cts:greekLit:tlg0012.tlg001.e3:11.355,"urn:cite:hmt:e3bifolio.E3_143v_144r@0.229,0.6185,0.2206,0.0203"
urn:cts:greekLit:tlg0012.tlg001.e3:11.356,"urn:cite:hmt:e3bifolio.E3_143v_144r@0.2323,0.6338,0.2206,0.0228"
urn:cts:greekLit:tlg0012.tlg001.e3:11.357,"urn:cite:hmt:e3bifolio.E3_143v_144r@0.2331,0.6513,0.2206,0.0228"
urn:cts:greekLit:tlg0012.tlg001.e3:11.358,"urn:cite:hmt:e3bifolio.E3_143v_144r@0.2315,0.6687,0.2206,0.0228"
urn:cts:greekLit:tlg0012.tlg001.e3:11.359,"urn:cite:hmt:e3bifolio.E3_143v_144r@0.2348,0.6853,0.2206,0.0228"
urn:cts:greekLit:tlg0012.tlg001.e3:11.360,"urn:cite:hmt:e3bifolio.E3_143v_144r@0.2348,0.7015,0.2206,0.0257"
urn:cts:greekLit:tlg0012.tlg001.e3:11.361,"urn:cite:hmt:e3bifolio.E3_143v_144r@0.2331,0.7194,0.2206,0.022"
urn:cts:greekLit:tlg0012.tlg001.e3:11.362,"urn:cite:hmt:e3bifolio.E3_143v_144r@0.4854,0.3255,0.2265,0.0367"
urn:cts:greekLit:tlg0012.tlg001.e3:11.363,"urn:cite:hmt:e3bifolio.E3_143v_144r@0.4876,0.3529,0.2265,0.0259"
urn:cts:greekLit:tlg0012.tlg001.e3:11.364,"urn:cite:hmt:e3bifolio.E3_143v_144r@0.4876,0.3676,0.2265,0.0259"
urn:cts:greekLit:tlg0012.tlg001.e3:11.365,"urn:cite:hmt:e3bifolio.E3_143v_144r@0.4863,0.3857,0.2265,0.0259"
urn:cts:greekLit:tlg0012.tlg001.e3:11.366,"urn:cite:hmt:e3bifolio.E3_143v_144r@0.486,0.4038,0.2265,0.0259"
urn:cts:greekLit:tlg0012.tlg001.e3:11.367,"urn:cite:hmt:e3bifolio.E3_143v_144r@0.6994,0.4072,0.1431,0.0228"
urn:cts:greekLit:tlg0012.tlg001.e3:11.368,"urn:cite:hmt:e3bifolio.E3_143v_144r@0.4854,0.4209,0.2265,0.0259"
urn:cts:greekLit:tlg0012.tlg001.e3:11.369,"urn:cite:hmt:e3bifolio.E3_143v_144r@0.4821,0.4386,0.2265,0.0259"
urn:cts:greekLit:tlg0012.tlg001.e3:11.370,"urn:cite:hmt:e3bifolio.E3_143v_144r@0.4841,0.4547,0.2265,0.0259"
urn:cts:greekLit:tlg0012.tlg001.e3:11.371,"urn:cite:hmt:e3bifolio.E3_143v_144r@0.4844,0.4743,0.2265,0.0259"
urn:cts:greekLit:tlg0012.tlg001.e3:11.372,"urn:cite:hmt:e3bifolio.E3_143v_144r@0.4857,0.49,0.2265,0.0259"
urn:cts:greekLit:tlg0012.tlg001.e3:11.373,"urn:cite:hmt:e3bifolio.E3_143v_144r@0.4886,0.5086,0.2265,0.0259"
urn:cts:greekLit:tlg0012.tlg001.e3:11.374,"urn:cite:hmt:e3bifolio.E3_143v_144r@0.4896,0.5242,0.2265,0.0259"
urn:cts:greekLit:tlg0012.tlg001.e3:11.375,"urn:cite:hmt:e3bifolio.E3_143v_144r@0.4883,0.5423,0.2265,0.0259"
urn:cts:greekLit:tlg0012.tlg001.e3:11.376,"urn:cite:hmt:e3bifolio.E3_143v_144r@0.4876,0.5585,0.2265,0.0259"
urn:cts:greekLit:tlg0012.tlg001.e3:11.377,"urn:cite:hmt:e3bifolio.E3_143v_144r@0.4863,0.5756,0.2265,0.0259"
urn:cts:greekLit:tlg0012.tlg001.e3:11.378,"urn:cite:hmt:e3bifolio.E3_143v_144r@0.487,0.5932,0.2265,0.024"
urn:cts:greekLit:tlg0012.tlg001.e3:11.379,"urn:cite:hmt:e3bifolio.E3_143v_144r@0.4867,0.6099,0.2265,0.022"
urn:cts:greekLit:tlg0012.tlg001.e3:11.380,"urn:cite:hmt:e3bifolio.E3_143v_144r@0.4837,0.6265,0.2265,0.0255"
urn:cts:greekLit:tlg0012.tlg001.e3:11.381,"urn:cite:hmt:e3bifolio.E3_143v_144r@0.4821,0.6436,0.2265,0.024"
urn:cts:greekLit:tlg0012.tlg001.e3:11.382,"urn:cite:hmt:e3bifolio.E3_143v_144r@0.4818,0.6608,0.2265,0.023"
urn:cts:greekLit:tlg0012.tlg001.e3:11.383,"urn:cite:hmt:e3bifolio.E3_143v_144r@0.4801,0.6769,0.2265,0.0255"
urn:cts:greekLit:tlg0012.tlg001.e3:11.384,"urn:cite:hmt:e3bifolio.E3_143v_144r@0.4801,0.6906,0.2301,0.0284"
urn:cts:greekLit:tlg0012.tlg001.e3:11.385,"urn:cite:hmt:e3bifolio.E3_143v_144r@0.4844,0.7146,0.2301,0.0259"
urn:cts:greekLit:tlg0012.tlg001.e3:11.386,"urn:cite:hmt:e3bifolio.E3_143v_144r@0.4837,0.7259,0.2301,0.0323"
urn:cts:greekLit:tlg0012.tlg001.e3:11.387,""
urn:cts:greekLit:tlg0012.tlg001.e3:11.388,""
urn:cts:greekLit:tlg0012.tlg001.e3:11.389,""
urn:cts:greekLit:tlg0012.tlg001.e3:11.390,""
urn:cts:greekLit:tlg0012.tlg001.e3:11.391,""
urn:cts:greekLit:tlg0012.tlg001.e3:11.392,""
urn:cts:greekLit:tlg0012.tlg001.e3:11.393,""
urn:cts:greekLit:tlg0012.tlg001.e3:11.394,""
urn:cts:greekLit:tlg0012.tlg001.e3:11.395,""
urn:cts:greekLit:tlg0012.tlg001.e3:11.396,""
urn:cts:greekLit:tlg0012.tlg001.e3:11.397,""
urn:cts:greekLit:tlg0012.tlg001.e3:11.398,""
urn:cts:greekLit:tlg0012.tlg001.e3:11.399,""
urn:cts:greekLit:tlg0012.tlg001.e3:11.400,""
urn:cts:greekLit:tlg0012.tlg001.e3:11.401,""
urn:cts:greekLit:tlg0012.tlg001.e3:11.402,""
urn:cts:greekLit:tlg0012.tlg001.e3:11.403,""
urn:cts:greekLit:tlg0012.tlg001.e3:11.404,""
urn:cts:greekLit:tlg0012.tlg001.e3:11.405,""
urn:cts:greekLit:tlg0012.tlg001.e3:11.406,""
urn:cts:greekLit:tlg0012.tlg001.e3:11.407,""
urn:cts:greekLit:tlg0012.tlg001.e3:11.408,""
urn:cts:greekLit:tlg0012.tlg001.e3:11.409,""
urn:cts:greekLit:tlg0012.tlg001.e3:11.410,""
urn:cts:greekLit:tlg0012.tlg001.e3:11.411,""
urn:cts:greekLit:tlg0012.tlg001.e3:11.412,""
urn:cts:greekLit:tlg0012.tlg001.e3:11.413,""
urn:cts:greekLit:tlg0012.tlg001.e3:11.414,""
urn:cts:greekLit:tlg0012.tlg001.e3:11.415,""
urn:cts:greekLit:tlg0012.tlg001.e3:11.416,""
urn:cts:greekLit:tlg0012.tlg001.e3:11.417,""
urn:cts:greekLit:tlg0012.tlg001.e3:11.418,""
urn:cts:greekLit:tlg0012.tlg001.e3:11.419,""
urn:cts:greekLit:tlg0012.tlg001.e3:11.420,""
urn:cts:greekLit:tlg0012.tlg001.e3:11.421,""
urn:cts:greekLit:tlg0012.tlg001.e3:11.422,""
urn:cts:greekLit:tlg0012.tlg001.e3:11.423,""
urn:cts:greekLit:tlg0012.tlg001.e3:11.424,""
urn:cts:greekLit:tlg0012.tlg001.e3:11.425,""
urn:cts:greekLit:tlg0012.tlg001.e3:11.426,""
urn:cts:greekLit:tlg0012.tlg001.e3:11.427,""
urn:cts:greekLit:tlg0012.tlg001.e3:11.428,""
urn:cts:greekLit:tlg0012.tlg001.e3:11.429,""
urn:cts:greekLit:tlg0012.tlg001.e3:11.430,""
urn:cts:greekLit:tlg0012.tlg001.e3:11.431,""
urn:cts:greekLit:tlg0012.tlg001.e3:11.432,""
urn:cts:greekLit:tlg0012.tlg001.e3:11.433,""
urn:cts:greekLit:tlg0012.tlg001.e3:11.434,""
urn:cts:greekLit:tlg0012.tlg001.e3:11.435,"urn:cite:hmt:e3bifolio.E3_145v_146r@0.2239,0.3272,0.2308,0.0295"
urn:cts:greekLit:tlg0012.tlg001.e3:11.436,"urn:cite:hmt:e3bifolio.E3_145v_146r@0.2254,0.3454,0.2308,0.0263"
urn:cts:greekLit:tlg0012.tlg001.e3:11.437,"urn:cite:hmt:e3bifolio.E3_145v_146r@0.2257,0.363,0.2308,0.0263"
urn:cts:greekLit:tlg0012.tlg001.e3:11.438,"urn:cite:hmt:e3bifolio.E3_145v_146r@0.2251,0.3798,0.2308,0.0263"
urn:cts:greekLit:tlg0012.tlg001.e3:11.439,"urn:cite:hmt:e3bifolio.E3_145v_146r@0.2254,0.3952,0.2308,0.0263"
urn:cts:greekLit:tlg0012.tlg001.e3:11.440,"urn:cite:hmt:e3bifolio.E3_145v_146r@0.2248,0.4138,0.2308,0.0231"
urn:cts:greekLit:tlg0012.tlg001.e3:11.441,"urn:cite:hmt:e3bifolio.E3_145v_146r@0.2236,0.426,0.2308,0.0231"
urn:cts:greekLit:tlg0012.tlg001.e3:11.442,"urn:cite:hmt:e3bifolio.E3_145v_146r@0.2257,0.4446,0.2308,0.0231"
urn:cts:greekLit:tlg0012.tlg001.e3:11.443,"urn:cite:hmt:e3bifolio.E3_145v_146r@0.2266,0.4627,0.2308,0.0231"
urn:cts:greekLit:tlg0012.tlg001.e3:11.444,"urn:cite:hmt:e3bifolio.E3_145v_146r@0.2266,0.4795,0.2308,0.0231"
urn:cts:greekLit:tlg0012.tlg001.e3:11.445,"urn:cite:hmt:e3bifolio.E3_145v_146r@0.227,0.4949,0.2308,0.0231"
urn:cts:greekLit:tlg0012.tlg001.e3:11.446,"urn:cite:hmt:e3bifolio.E3_145v_146r@0.2251,0.5094,0.2308,0.0231"
urn:cts:greekLit:tlg0012.tlg001.e3:11.447,"urn:cite:hmt:e3bifolio.E3_145v_146r@0.2266,0.528,0.2308,0.0231"
urn:cts:greekLit:tlg0012.tlg001.e3:11.448,"urn:cite:hmt:e3bifolio.E3_145v_146r@0.2245,0.5452,0.2308,0.0231"
urn:cts:greekLit:tlg0012.tlg001.e3:11.449,"urn:cite:hmt:e3bifolio.E3_145v_146r@0.2251,0.5611,0.2308,0.0231"
urn:cts:greekLit:tlg0012.tlg001.e3:11.450,"urn:cite:hmt:e3bifolio.E3_145v_146r@0.2248,0.576,0.2308,0.0231"
urn:cts:greekLit:tlg0012.tlg001.e3:11.451,"urn:cite:hmt:e3bifolio.E3_145v_146r@0.223,0.596,0.2308,0.0231"
urn:cts:greekLit:tlg0012.tlg001.e3:11.452,"urn:cite:hmt:e3bifolio.E3_145v_146r@0.223,0.6127,0.2308,0.0231"
urn:cts:greekLit:tlg0012.tlg001.e3:11.453,"urn:cite:hmt:e3bifolio.E3_145v_146r@0.2218,0.6268,0.2308,0.0231"
urn:cts:greekLit:tlg0012.tlg001.e3:11.454,"urn:cite:hmt:e3bifolio.E3_145v_146r@0.2212,0.6454,0.2308,0.0231"
urn:cts:greekLit:tlg0012.tlg001.e3:11.455,"urn:cite:hmt:e3bifolio.E3_145v_146r@0.2212,0.6612,0.2308,0.0231"
urn:cts:greekLit:tlg0012.tlg001.e3:11.456,"urn:cite:hmt:e3bifolio.E3_145v_146r@0.22,0.6775,0.2308,0.0231"
urn:cts:greekLit:tlg0012.tlg001.e3:11.457,"urn:cite:hmt:e3bifolio.E3_145v_146r@0.2218,0.6943,0.2308,0.0267"
urn:cts:greekLit:tlg0012.tlg001.e3:11.458,"urn:cite:hmt:e3bifolio.E3_145v_146r@0.2245,0.7093,0.2308,0.0308"
urn:cts:greekLit:tlg0012.tlg001.e3:11.459,"urn:cite:hmt:e3bifolio.E3_145v_146r@0.4909,0.3241,0.219,0.0326"
urn:cts:greekLit:tlg0012.tlg001.e3:11.460,"urn:cite:hmt:e3bifolio.E3_145v_146r@0.4951,0.3473,0.219,0.0295"
urn:cts:greekLit:tlg0012.tlg001.e3:11.461,"urn:cite:hmt:e3bifolio.E3_145v_146r@0.4939,0.364,0.219,0.0295"
urn:cts:greekLit:tlg0012.tlg001.e3:11.462,"urn:cite:hmt:e3bifolio.E3_145v_146r@0.4945,0.3844,0.219,0.0295"
urn:cts:greekLit:tlg0012.tlg001.e3:11.463,"urn:cite:hmt:e3bifolio.E3_145v_146r@0.4945,0.4003,0.219,0.0295"
urn:cts:greekLit:tlg0012.tlg001.e3:11.464,"urn:cite:hmt:e3bifolio.E3_145v_146r@0.4936,0.4175,0.219,0.0295"
urn:cts:greekLit:tlg0012.tlg001.e3:11.465,"urn:cite:hmt:e3bifolio.E3_145v_146r@0.4861,0.432,0.219,0.0295"
urn:cts:greekLit:tlg0012.tlg001.e3:11.466,"urn:cite:hmt:e3bifolio.E3_145v_146r@0.4942,0.4506,0.219,0.0249"
urn:cts:greekLit:tlg0012.tlg001.e3:11.467,"urn:cite:hmt:e3bifolio.E3_145v_146r@0.4927,0.4687,0.219,0.0249"
urn:cts:greekLit:tlg0012.tlg001.e3:11.468,"urn:cite:hmt:e3bifolio.E3_145v_146r@0.4939,0.485,0.219,0.0249"
urn:cts:greekLit:tlg0012.tlg001.e3:11.469,"urn:cite:hmt:e3bifolio.E3_145v_146r@0.4964,0.5022,0.219,0.0249"
urn:cts:greekLit:tlg0012.tlg001.e3:11.470,"urn:cite:hmt:e3bifolio.E3_145v_146r@0.4924,0.5199,0.219,0.0249"
urn:cts:greekLit:tlg0012.tlg001.e3:11.471,"urn:cite:hmt:e3bifolio.E3_145v_146r@0.4912,0.5344,0.219,0.0249"
urn:cts:greekLit:tlg0012.tlg001.e3:11.472,"urn:cite:hmt:e3bifolio.E3_145v_146r@0.4858,0.5507,0.2223,0.0249"
urn:cts:greekLit:tlg0012.tlg001.e3:11.473,"urn:cite:hmt:e3bifolio.E3_145v_146r@0.4906,0.5707,0.2223,0.0249"
urn:cts:greekLit:tlg0012.tlg001.e3:11.474,"urn:cite:hmt:e3bifolio.E3_145v_146r@0.4903,0.5879,0.2223,0.0249"
urn:cts:greekLit:tlg0012.tlg001.e3:11.475,"urn:cite:hmt:e3bifolio.E3_145v_146r@0.4903,0.6019,0.2223,0.0249"
urn:cts:greekLit:tlg0012.tlg001.e3:11.476,"urn:cite:hmt:e3bifolio.E3_145v_146r@0.49,0.621,0.2223,0.0249"
urn:cts:greekLit:tlg0012.tlg001.e3:11.477,"urn:cite:hmt:e3bifolio.E3_145v_146r@0.4909,0.6368,0.2223,0.0249"
urn:cts:greekLit:tlg0012.tlg001.e3:11.478,"urn:cite:hmt:e3bifolio.E3_145v_146r@0.4903,0.6554,0.2223,0.0249"
urn:cts:greekLit:tlg0012.tlg001.e3:11.479,"urn:cite:hmt:e3bifolio.E3_145v_146r@0.4891,0.6708,0.2223,0.0249"
urn:cts:greekLit:tlg0012.tlg001.e3:11.480,"urn:cite:hmt:e3bifolio.E3_145v_146r@0.4888,0.688,0.2223,0.0249"
urn:cts:greekLit:tlg0012.tlg001.e3:11.481,"urn:cite:hmt:e3bifolio.E3_145v_146r@0.4885,0.7044,0.2223,0.0308"
urn:cts:greekLit:tlg0012.tlg001.e3:11.482,"urn:cite:hmt:e3bifolio.E3_146v_147r@0.2379,0.3211,0.2245,0.0346"
urn:cts:greekLit:tlg0012.tlg001.e3:11.483,"urn:cite:hmt:e3bifolio.E3_146v_147r@0.2379,0.3433,0.2245,0.0242"
urn:cts:greekLit:tlg0012.tlg001.e3:11.484,"urn:cite:hmt:e3bifolio.E3_146v_147r@0.2382,0.3571,0.2245,0.0242"
urn:cts:greekLit:tlg0012.tlg001.e3:11.485,"urn:cite:hmt:e3bifolio.E3_146v_147r@0.2323,0.3759,0.2245,0.0242"
urn:cts:greekLit:tlg0012.tlg001.e3:11.486,"urn:cite:hmt:e3bifolio.E3_146v_147r@0.2326,0.3923,0.2245,0.0242"
urn:cts:greekLit:tlg0012.tlg001.e3:11.487,"urn:cite:hmt:e3bifolio.E3_146v_147r@0.2316,0.4101,0.2245,0.0242"
urn:cts:greekLit:tlg0012.tlg001.e3:11.488,"urn:cite:hmt:e3bifolio.E3_146v_147r@0.2326,0.4259,0.2245,0.0242"
urn:cts:greekLit:tlg0012.tlg001.e3:11.489,"urn:cite:hmt:e3bifolio.E3_146v_147r@0.2323,0.4442,0.2245,0.0242"
urn:cts:greekLit:tlg0012.tlg001.e3:11.490,"urn:cite:hmt:e3bifolio.E3_146v_147r@0.2316,0.459,0.2245,0.0242"
urn:cts:greekLit:tlg0012.tlg001.e3:11.491,"urn:cite:hmt:e3bifolio.E3_146v_147r@0.2326,0.4768,0.2245,0.0242"
urn:cts:greekLit:tlg0012.tlg001.e3:11.492,"urn:cite:hmt:e3bifolio.E3_146v_147r@0.2326,0.4931,0.2245,0.0242"
urn:cts:greekLit:tlg0012.tlg001.e3:11.493,"urn:cite:hmt:e3bifolio.E3_146v_147r@0.185,0.8193,0.2804,0.0448"
urn:cts:greekLit:tlg0012.tlg001.e3:11.494,"urn:cite:hmt:e3bifolio.E3_146v_147r@0.232,0.5119,0.2245,0.0242"
urn:cts:greekLit:tlg0012.tlg001.e3:11.495,"urn:cite:hmt:e3bifolio.E3_146v_147r@0.2366,0.5297,0.2245,0.0242"
urn:cts:greekLit:tlg0012.tlg001.e3:11.496,"urn:cite:hmt:e3bifolio.E3_146v_147r@0.2372,0.5451,0.2245,0.0242"
urn:cts:greekLit:tlg0012.tlg001.e3:11.497,"urn:cite:hmt:e3bifolio.E3_146v_147r@0.2369,0.5633,0.2245,0.0242"
urn:cts:greekLit:tlg0012.tlg001.e3:11.498,"urn:cite:hmt:e3bifolio.E3_146v_147r@0.2379,0.5797,0.2245,0.0242"
urn:cts:greekLit:tlg0012.tlg001.e3:11.499,"urn:cite:hmt:e3bifolio.E3_146v_147r@0.2372,0.5955,0.2245,0.0242"
urn:cts:greekLit:tlg0012.tlg001.e3:11.500,"urn:cite:hmt:e3bifolio.E3_146v_147r@0.2366,0.6133,0.2245,0.0242"
urn:cts:greekLit:tlg0012.tlg001.e3:11.501,"urn:cite:hmt:e3bifolio.E3_146v_147r@0.2346,0.6286,0.2245,0.0242"
urn:cts:greekLit:tlg0012.tlg001.e3:11.502,"urn:cite:hmt:e3bifolio.E3_146v_147r@0.2326,0.6454,0.2245,0.0242"
urn:cts:greekLit:tlg0012.tlg001.e3:11.503,"urn:cite:hmt:e3bifolio.E3_146v_147r@0.232,0.6637,0.2245,0.0242"
urn:cts:greekLit:tlg0012.tlg001.e3:11.504,"urn:cite:hmt:e3bifolio.E3_146v_147r@0.2336,0.6776,0.2245,0.0242"
urn:cts:greekLit:tlg0012.tlg001.e3:11.505,"urn:cite:hmt:e3bifolio.E3_146v_147r@0.2333,0.6954,0.2245,0.0242"
urn:cts:greekLit:tlg0012.tlg001.e3:11.506,"urn:cite:hmt:e3bifolio.E3_146v_147r@0.4859,0.3261,0.2122,0.0286"
urn:cts:greekLit:tlg0012.tlg001.e3:11.507,"urn:cite:hmt:e3bifolio.E3_146v_147r@0.4865,0.3483,0.2122,0.0286"
urn:cts:greekLit:tlg0012.tlg001.e3:11.508,"urn:cite:hmt:e3bifolio.E3_146v_147r@0.4905,0.3651,0.2122,0.0286"
urn:cts:greekLit:tlg0012.tlg001.e3:11.509,"urn:cite:hmt:e3bifolio.E3_146v_147r@0.4908,0.3818,0.2122,0.0286"
urn:cts:greekLit:tlg0012.tlg001.e3:11.510,"urn:cite:hmt:e3bifolio.E3_146v_147r@0.4898,0.3966,0.2122,0.0286"
urn:cts:greekLit:tlg0012.tlg001.e3:11.511,"urn:cite:hmt:e3bifolio.E3_146v_147r@0.4849,0.4144,0.2122,0.0286"
urn:cts:greekLit:tlg0012.tlg001.e3:11.512,"urn:cite:hmt:e3bifolio.E3_146v_147r@0.4872,0.4321,0.2122,0.0286"
urn:cts:greekLit:tlg0012.tlg001.e3:11.513,"urn:cite:hmt:e3bifolio.E3_146v_147r@0.4856,0.4484,0.2122,0.0286"
urn:cts:greekLit:tlg0012.tlg001.e3:11.514,"urn:cite:hmt:e3bifolio.E3_146v_147r@0.4859,0.4622,0.2122,0.0286"
urn:cts:greekLit:tlg0012.tlg001.e3:11.515,"urn:cite:hmt:e3bifolio.E3_146v_147r@0.4898,0.4809,0.2122,0.0286"
urn:cts:greekLit:tlg0012.tlg001.e3:11.516,"urn:cite:hmt:e3bifolio.E3_146v_147r@0.4819,0.4947,0.2165,0.0311"
urn:cts:greekLit:tlg0012.tlg001.e3:11.517,"urn:cite:hmt:e3bifolio.E3_146v_147r@0.4833,0.514,0.2165,0.0291"
urn:cts:greekLit:tlg0012.tlg001.e3:11.518,"urn:cite:hmt:e3bifolio.E3_146v_147r@0.4888,0.5342,0.2165,0.0266"
urn:cts:greekLit:tlg0012.tlg001.e3:11.519,"urn:cite:hmt:e3bifolio.E3_146v_147r@0.4879,0.546,0.2165,0.0301"
urn:cts:greekLit:tlg0012.tlg001.e3:11.520,"urn:cite:hmt:e3bifolio.E3_146v_147r@0.4885,0.5672,0.2165,0.0276"
urn:cts:greekLit:tlg0012.tlg001.e3:11.521,"urn:cite:hmt:e3bifolio.E3_146v_147r@0.481,0.582,0.2165,0.0296"
urn:cts:greekLit:tlg0012.tlg001.e3:11.522,"urn:cite:hmt:e3bifolio.E3_146v_147r@0.4856,0.5988,0.2165,0.0286"
urn:cts:greekLit:tlg0012.tlg001.e3:11.523,"urn:cite:hmt:e3bifolio.E3_146v_147r@0.4813,0.6141,0.2165,0.0311"
urn:cts:greekLit:tlg0012.tlg001.e3:11.524,"urn:cite:hmt:e3bifolio.E3_146v_147r@0.4836,0.6323,0.2165,0.0301"
urn:cts:greekLit:tlg0012.tlg001.e3:11.525,"urn:cite:hmt:e3bifolio.E3_146v_147r@0.4823,0.6505,0.2165,0.0281"
urn:cts:greekLit:tlg0012.tlg001.e3:11.526,"urn:cite:hmt:e3bifolio.E3_146v_147r@0.4833,0.6678,0.2165,0.0281"
urn:cts:greekLit:tlg0012.tlg001.e3:11.527,"urn:cite:hmt:e3bifolio.E3_146v_147r@0.4826,0.6821,0.2165,0.033"
urn:cts:greekLit:tlg0012.tlg001.e3:11.528,"urn:cite:hmt:e3bifolio.E3_146v_147r@0.4816,0.6979,0.2165,0.0325"
urn:cts:greekLit:tlg0012.tlg001.e3:11.529,"urn:cite:hmt:e3bifolio.E3_146v_147r@0.48,0.7142,0.2165,0.0375"
urn:cts:greekLit:tlg0012.tlg001.e3:11.530,"urn:cite:hmt:e3bifolio.E3_147v_148r@0.2503,0.3303,0.2003,0.0262"
urn:cts:greekLit:tlg0012.tlg001.e3:11.531,"urn:cite:hmt:e3bifolio.E3_147v_148r@0.2421,0.3474,0.2086,0.0262"
urn:cts:greekLit:tlg0012.tlg001.e3:11.532,"urn:cite:hmt:e3bifolio.E3_147v_148r@0.2468,0.367,0.2086,0.0262"
urn:cts:greekLit:tlg0012.tlg001.e3:11.533,"urn:cite:hmt:e3bifolio.E3_147v_148r@0.2465,0.3832,0.2086,0.0262"
urn:cts:greekLit:tlg0012.tlg001.e3:11.534,"urn:cite:hmt:e3bifolio.E3_147v_148r@0.2497,0.4008,0.2086,0.0262"
urn:cts:greekLit:tlg0012.tlg001.e3:11.535,"urn:cite:hmt:e3bifolio.E3_147v_148r@0.2465,0.4165,0.2086,0.0262"
urn:cts:greekLit:tlg0012.tlg001.e3:11.536,"urn:cite:hmt:e3bifolio.E3_147v_148r@0.2465,0.4341,0.2086,0.0262"
urn:cts:greekLit:tlg0012.tlg001.e3:11.537,"urn:cite:hmt:e3bifolio.E3_147v_148r@0.2446,0.4494,0.2086,0.0262"
urn:cts:greekLit:tlg0012.tlg001.e3:11.538,"urn:cite:hmt:e3bifolio.E3_147v_148r@0.2459,0.468,0.2086,0.0262"
urn:cts:greekLit:tlg0012.tlg001.e3:11.539,"urn:cite:hmt:e3bifolio.E3_147v_148r@0.2452,0.4851,0.2086,0.0262"
urn:cts:greekLit:tlg0012.tlg001.e3:11.540,"urn:cite:hmt:e3bifolio.E3_147v_148r@0.2436,0.5032,0.2086,0.0262"
urn:cts:greekLit:tlg0012.tlg001.e3:11.541,"urn:cite:hmt:e3bifolio.E3_147v_148r@0.244,0.518,0.2086,0.0262"
urn:cts:greekLit:tlg0012.tlg001.e3:11.542,"urn:cite:hmt:e3bifolio.E3_147v_148r@0.2456,0.5347,0.2086,0.0262"
urn:cts:greekLit:tlg0012.tlg001.e3:11.544,"urn:cite:hmt:e3bifolio.E3_147v_148r@0.2433,0.5513,0.2086,0.0262"
urn:cts:greekLit:tlg0012.tlg001.e3:11.545,"urn:cite:hmt:e3bifolio.E3_147v_148r@0.243,0.569,0.2086,0.0262"
urn:cts:greekLit:tlg0012.tlg001.e3:11.546,"urn:cite:hmt:e3bifolio.E3_147v_148r@0.244,0.5832,0.2086,0.0262"
urn:cts:greekLit:tlg0012.tlg001.e3:11.547,"urn:cite:hmt:e3bifolio.E3_147v_148r@0.2471,0.599,0.2086,0.0257"
urn:cts:greekLit:tlg0012.tlg001.e3:11.548,"urn:cite:hmt:e3bifolio.E3_147v_148r@0.2421,0.6204,0.2086,0.0233"
urn:cts:greekLit:tlg0012.tlg001.e3:11.549,"urn:cite:hmt:e3bifolio.E3_147v_148r@0.2494,0.6342,0.2086,0.0233"
urn:cts:greekLit:tlg0012.tlg001.e3:11.550,"urn:cite:hmt:e3bifolio.E3_147v_148r@0.249,0.6509,0.2086,0.0233"
urn:cts:greekLit:tlg0012.tlg001.e3:11.551,"urn:cite:hmt:e3bifolio.E3_147v_148r@0.2471,0.668,0.2086,0.0248"
urn:cts:greekLit:tlg0012.tlg001.e3:11.552,"urn:cite:hmt:e3bifolio.E3_147v_148r@0.2478,0.6833,0.2086,0.0248"
urn:cts:greekLit:tlg0012.tlg001.e3:11.553,"urn:cite:hmt:e3bifolio.E3_147v_148r@0.2484,0.7009,0.2086,0.0257"
urn:cts:greekLit:tlg0012.tlg001.e3:11.554,"urn:cite:hmt:e3bifolio.E3_147v_148r@0.2484,0.7181,0.2086,0.0295"
urn:cts:greekLit:tlg0012.tlg001.e3:11.555,"urn:cite:hmt:e3bifolio.E3_147v_148r@0.4988,0.3196,0.2371,0.0237"
urn:cts:greekLit:tlg0012.tlg001.e3:11.556,"urn:cite:hmt:e3bifolio.E3_147v_148r@0.4966,0.3406,0.2371,0.0237"
urn:cts:greekLit:tlg0012.tlg001.e3:11.557,"urn:cite:hmt:e3bifolio.E3_147v_148r@0.4966,0.3572,0.2371,0.0237"
urn:cts:greekLit:tlg0012.tlg001.e3:11.558,"urn:cite:hmt:e3bifolio.E3_147v_148r@0.4904,0.3748,0.2371,0.0237"
urn:cts:greekLit:tlg0012.tlg001.e3:11.559,"urn:cite:hmt:e3bifolio.E3_147v_148r@0.4915,0.392,0.2371,0.0237"
urn:cts:greekLit:tlg0012.tlg001.e3:11.560,"urn:cite:hmt:e3bifolio.E3_147v_148r@0.4904,0.4096,0.2371,0.0237"
urn:cts:greekLit:tlg0012.tlg001.e3:11.561,"urn:cite:hmt:e3bifolio.E3_147v_148r@0.4918,0.4229,0.2371,0.0237"
urn:cts:greekLit:tlg0012.tlg001.e3:11.562,"urn:cite:hmt:e3bifolio.E3_147v_148r@0.4911,0.4422,0.2371,0.0237"
urn:cts:greekLit:tlg0012.tlg001.e3:11.563,"urn:cite:hmt:e3bifolio.E3_147v_148r@0.49,0.4588,0.2371,0.0237"
urn:cts:greekLit:tlg0012.tlg001.e3:11.564,"urn:cite:hmt:e3bifolio.E3_147v_148r@0.4896,0.4754,0.2371,0.0237"
urn:cts:greekLit:tlg0012.tlg001.e3:11.565,"urn:cite:hmt:e3bifolio.E3_147v_148r@0.4893,0.4936,0.2371,0.0237"
urn:cts:greekLit:tlg0012.tlg001.e3:11.566,"urn:cite:hmt:e3bifolio.E3_147v_148r@0.49,0.5096,0.2371,0.0237"
urn:cts:greekLit:tlg0012.tlg001.e3:11.567,"urn:cite:hmt:e3bifolio.E3_147v_148r@0.4896,0.5234,0.2371,0.0237"
urn:cts:greekLit:tlg0012.tlg001.e3:11.568,"urn:cite:hmt:e3bifolio.E3_147v_148r@0.4911,0.5422,0.2371,0.0237"
urn:cts:greekLit:tlg0012.tlg001.e3:11.569,"urn:cite:hmt:e3bifolio.E3_147v_148r@0.4896,0.5588,0.2371,0.0237"
urn:cts:greekLit:tlg0012.tlg001.e3:11.570,"urn:cite:hmt:e3bifolio.E3_147v_148r@0.4878,0.5748,0.2371,0.0237"
urn:cts:greekLit:tlg0012.tlg001.e3:11.571,"urn:cite:hmt:e3bifolio.E3_147v_148r@0.4889,0.5902,0.2371,0.0237"
urn:cts:greekLit:tlg0012.tlg001.e3:11.572,"urn:cite:hmt:e3bifolio.E3_147v_148r@0.4933,0.6068,0.2371,0.0237"
urn:cts:greekLit:tlg0012.tlg001.e3:11.573,"urn:cite:hmt:e3bifolio.E3_147v_148r@0.4929,0.6245,0.2371,0.0237"
urn:cts:greekLit:tlg0012.tlg001.e3:11.574,"urn:cite:hmt:e3bifolio.E3_147v_148r@0.4918,0.64,0.2371,0.0237"
urn:cts:greekLit:tlg0012.tlg001.e3:11.575,"urn:cite:hmt:e3bifolio.E3_147v_148r@0.4819,0.6543,0.2371,0.0237"
urn:cts:greekLit:tlg0012.tlg001.e3:11.576,"urn:cite:hmt:e3bifolio.E3_147v_148r@0.49,0.6731,0.2371,0.0237"
urn:cts:greekLit:tlg0012.tlg001.e3:11.577,"urn:cite:hmt:e3bifolio.E3_147v_148r@0.49,0.6902,0.2371,0.0237"
urn:cts:greekLit:tlg0012.tlg001.e3:11.578,"urn:cite:hmt:e3bifolio.E3_147v_148r@0.4952,0.7073,0.2371,0.0237"
urn:cts:greekLit:tlg0012.tlg001.e3:11.579,""
urn:cts:greekLit:tlg0012.tlg001.e3:11.580,""
urn:cts:greekLit:tlg0012.tlg001.e3:11.581,""
urn:cts:greekLit:tlg0012.tlg001.e3:11.582,""
urn:cts:greekLit:tlg0012.tlg001.e3:11.583,""
urn:cts:greekLit:tlg0012.tlg001.e3:11.584,""
urn:cts:greekLit:tlg0012.tlg001.e3:11.585,""
urn:cts:greekLit:tlg0012.tlg001.e3:11.586,""
urn:cts:greekLit:tlg0012.tlg001.e3:11.587,""
urn:cts:greekLit:tlg0012.tlg001.e3:11.588,""
urn:cts:greekLit:tlg0012.tlg001.e3:11.589,""
urn:cts:greekLit:tlg0012.tlg001.e3:11.590,""
urn:cts:greekLit:tlg0012.tlg001.e3:11.591,""
urn:cts:greekLit:tlg0012.tlg001.e3:11.592,""
urn:cts:greekLit:tlg0012.tlg001.e3:11.593,""
urn:cts:greekLit:tlg0012.tlg001.e3:11.594,""
urn:cts:greekLit:tlg0012.tlg001.e3:11.595,""
urn:cts:greekLit:tlg0012.tlg001.e3:11.596,""
urn:cts:greekLit:tlg0012.tlg001.e3:11.597,""
urn:cts:greekLit:tlg0012.tlg001.e3:11.598,""
urn:cts:greekLit:tlg0012.tlg001.e3:11.599,""
urn:cts:greekLit:tlg0012.tlg001.e3:11.600,""
urn:cts:greekLit:tlg0012.tlg001.e3:11.601,""
urn:cts:greekLit:tlg0012.tlg001.e3:11.602,""
urn:cts:greekLit:tlg0012.tlg001.e3:11.603,""
urn:cts:greekLit:tlg0012.tlg001.e3:11.604,""
urn:cts:greekLit:tlg0012.tlg001.e3:11.605,""
urn:cts:greekLit:tlg0012.tlg001.e3:11.606,""
urn:cts:greekLit:tlg0012.tlg001.e3:11.607,""
urn:cts:greekLit:tlg0012.tlg001.e3:11.608,""
urn:cts:greekLit:tlg0012.tlg001.e3:11.609,""
urn:cts:greekLit:tlg0012.tlg001.e3:11.610,""
urn:cts:greekLit:tlg0012.tlg001.e3:11.611,""
urn:cts:greekLit:tlg0012.tlg001.e3:11.612,""
urn:cts:greekLit:tlg0012.tlg001.e3:11.613,""
urn:cts:greekLit:tlg0012.tlg001.e3:11.614,""
urn:cts:greekLit:tlg0012.tlg001.e3:11.615,""
urn:cts:greekLit:tlg0012.tlg001.e3:11.616,""
urn:cts:greekLit:tlg0012.tlg001.e3:11.617,""
urn:cts:greekLit:tlg0012.tlg001.e3:11.618,""
urn:cts:greekLit:tlg0012.tlg001.e3:11.619,""
urn:cts:greekLit:tlg0012.tlg001.e3:11.620,""
urn:cts:greekLit:tlg0012.tlg001.e3:11.621,""
urn:cts:greekLit:tlg0012.tlg001.e3:11.622,""
urn:cts:greekLit:tlg0012.tlg001.e3:11.623,""
urn:cts:greekLit:tlg0012.tlg001.e3:11.624,""
urn:cts:greekLit:tlg0012.tlg001.e3:11.625,""
urn:cts:greekLit:tlg0012.tlg001.e3:11.626,""
urn:cts:greekLit:tlg0012.tlg001.e3:11.627,""
urn:cts:greekLit:tlg0012.tlg001.e3:11.628,""
urn:cts:greekLit:tlg0012.tlg001.e3:11.629,""
urn:cts:greekLit:tlg0012.tlg001.e3:11.630,""
urn:cts:greekLit:tlg0012.tlg001.e3:11.631,""
urn:cts:greekLit:tlg0012.tlg001.e3:11.632,""
urn:cts:greekLit:tlg0012.tlg001.e3:11.633,""
urn:cts:greekLit:tlg0012.tlg001.e3:11.634,""
urn:cts:greekLit:tlg0012.tlg001.e3:11.635,""
urn:cts:greekLit:tlg0012.tlg001.e3:11.636,""
urn:cts:greekLit:tlg0012.tlg001.e3:11.637,""
urn:cts:greekLit:tlg0012.tlg001.e3:11.638,""
urn:cts:greekLit:tlg0012.tlg001.e3:11.639,""
urn:cts:greekLit:tlg0012.tlg001.e3:11.640,""
urn:cts:greekLit:tlg0012.tlg001.e3:11.641,
urn:cts:greekLit:tlg0012.tlg001.e3:11.642,
urn:cts:greekLit:tlg0012.tlg001.e3:11.643,
urn:cts:greekLit:tlg0012.tlg001.e3:11.644,
urn:cts:greekLit:tlg0012.tlg001.e3:11.645,
urn:cts:greekLit:tlg0012.tlg001.e3:11.646,
urn:cts:greekLit:tlg0012.tlg001.e3:11.647,
urn:cts:greekLit:tlg0012.tlg001.e3:11.648,
urn:cts:greekLit:tlg0012.tlg001.e3:11.649,
urn:cts:greekLit:tlg0012.tlg001.e3:11.650,
urn:cts:greekLit:tlg0012.tlg001.e3:11.651,
urn:cts:greekLit:tlg0012.tlg001.e3:11.652,
urn:cts:greekLit:tlg0012.tlg001.e3:11.653,
urn:cts:greekLit:tlg0012.tlg001.e3:11.654,
urn:cts:greekLit:tlg0012.tlg001.e3:11.655,
urn:cts:greekLit:tlg0012.tlg001.e3:11.656,
urn:cts:greekLit:tlg0012.tlg001.e3:11.657,
urn:cts:greekLit:tlg0012.tlg001.e3:11.658,
urn:cts:greekLit:tlg0012.tlg001.e3:11.659,
urn:cts:greekLit:tlg0012.tlg001.e3:11.660,
urn:cts:greekLit:tlg0012.tlg001.e3:11.661,
urn:cts:greekLit:tlg0012.tlg001.e3:11.662,
urn:cts:greekLit:tlg0012.tlg001.e3:11.663,
urn:cts:greekLit:tlg0012.tlg001.e3:11.664,
urn:cts:greekLit:tlg0012.tlg001.e3:11.665,
urn:cts:greekLit:tlg0012.tlg001.e3:11.666,
urn:cts:greekLit:tlg0012.tlg001.e3:11.667,
urn:cts:greekLit:tlg0012.tlg001.e3:11.668,
urn:cts:greekLit:tlg0012.tlg001.e3:11.669,
urn:cts:greekLit:tlg0012.tlg001.e3:11.670,
urn:cts:greekLit:tlg0012.tlg001.e3:11.671,
urn:cts:greekLit:tlg0012.tlg001.e3:11.672,
urn:cts:greekLit:tlg0012.tlg001.e3:11.673,
urn:cts:greekLit:tlg0012.tlg001.e3:11.674,
urn:cts:greekLit:tlg0012.tlg001.e3:11.675,
urn:cts:greekLit:tlg0012.tlg001.e3:11.676,
urn:cts:greekLit:tlg0012.tlg001.e3:11.677,
urn:cts:greekLit:tlg0012.tlg001.e3:11.678,
urn:cts:greekLit:tlg0012.tlg001.e3:11.679,
urn:cts:greekLit:tlg0012.tlg001.e3:11.680,
urn:cts:greekLit:tlg0012.tlg001.e3:11.681,
urn:cts:greekLit:tlg0012.tlg001.e3:11.682,
urn:cts:greekLit:tlg0012.tlg001.e3:11.683,
urn:cts:greekLit:tlg0012.tlg001.e3:11.684,
urn:cts:greekLit:tlg0012.tlg001.e3:11.685,
urn:cts:greekLit:tlg0012.tlg001.e3:11.686,
urn:cts:greekLit:tlg0012.tlg001.e3:11.687,
urn:cts:greekLit:tlg0012.tlg001.e3:11.688,
urn:cts:greekLit:tlg0012.tlg001.e3:11.689,
urn:cts:greekLit:tlg0012.tlg001.e3:11.690,
urn:cts:greekLit:tlg0012.tlg001.e3:11.691,
urn:cts:greekLit:tlg0012.tlg001.e3:11.692,
urn:cts:greekLit:tlg0012.tlg001.e3:11.693,
urn:cts:greekLit:tlg0012.tlg001.e3:11.694,
urn:cts:greekLit:tlg0012.tlg001.e3:11.695,
urn:cts:greekLit:tlg0012.tlg001.e3:11.696,
urn:cts:greekLit:tlg0012.tlg001.e3:11.697,
urn:cts:greekLit:tlg0012.tlg001.e3:11.698,
urn:cts:greekLit:tlg0012.tlg001.e3:11.699,
urn:cts:greekLit:tlg0012.tlg001.e3:11.700,
urn:cts:greekLit:tlg0012.tlg001.e3:11.701,
urn:cts:greekLit:tlg0012.tlg001.e3:11.702,
urn:cts:greekLit:tlg0012.tlg001.e3:11.703,
urn:cts:greekLit:tlg0012.tlg001.e3:11.704,
urn:cts:greekLit:tlg0012.tlg001.e3:11.705,
urn:cts:greekLit:tlg0012.tlg001.e3:11.706,
urn:cts:greekLit:tlg0012.tlg001.e3:11.707,
urn:cts:greekLit:tlg0012.tlg001.e3:11.708,
urn:cts:greekLit:tlg0012.tlg001.e3:11.709,
urn:cts:greekLit:tlg0012.tlg001.e3:11.710,
urn:cts:greekLit:tlg0012.tlg001.e3:11.711,
urn:cts:greekLit:tlg0012.tlg001.e3:11.712,
urn:cts:greekLit:tlg0012.tlg001.e3:11.713,
urn:cts:greekLit:tlg0012.tlg001.e3:11.714,
urn:cts:greekLit:tlg0012.tlg001.e3:11.715,
urn:cts:greekLit:tlg0012.tlg001.e3:11.716,
urn:cts:greekLit:tlg0012.tlg001.e3:11.717,
urn:cts:greekLit:tlg0012.tlg001.e3:11.718,
urn:cts:greekLit:tlg0012.tlg001.e3:11.719,
urn:cts:greekLit:tlg0012.tlg001.e3:11.720,
urn:cts:greekLit:tlg0012.tlg001.e3:11.721,
urn:cts:greekLit:tlg0012.tlg001.e3:11.722,
urn:cts:greekLit:tlg0012.tlg001.e3:11.723,
urn:cts:greekLit:tlg0012.tlg001.e3:11.724,
urn:cts:greekLit:tlg0012.tlg001.e3:11.725,
urn:cts:greekLit:tlg0012.tlg001.e3:11.726,
urn:cts:greekLit:tlg0012.tlg001.e3:11.727,
urn:cts:greekLit:tlg0012.tlg001.e3:11.728,
urn:cts:greekLit:tlg0012.tlg001.e3:11.729,
urn:cts:greekLit:tlg0012.tlg001.e3:11.730,
urn:cts:greekLit:tlg0012.tlg001.e3:11.731,
urn:cts:greekLit:tlg0012.tlg001.e3:11.732,
urn:cts:greekLit:tlg0012.tlg001.e3:11.733,
urn:cts:greekLit:tlg0012.tlg001.e3:11.734,
urn:cts:greekLit:tlg0012.tlg001.e3:11.735,
urn:cts:greekLit:tlg0012.tlg001.e3:11.736,
urn:cts:greekLit:tlg0012.tlg001.e3:11.737,
urn:cts:greekLit:tlg0012.tlg001.e3:11.738,
urn:cts:greekLit:tlg0012.tlg001.e3:11.739,
urn:cts:greekLit:tlg0012.tlg001.e3:11.740,
urn:cts:greekLit:tlg0012.tlg001.e3:11.741,
urn:cts:greekLit:tlg0012.tlg001.e3:11.742,
urn:cts:greekLit:tlg0012.tlg001.e3:11.743,
urn:cts:greekLit:tlg0012.tlg001.e3:11.744,
urn:cts:greekLit:tlg0012.tlg001.e3:11.745,
urn:cts:greekLit:tlg0012.tlg001.e3:11.746,
urn:cts:greekLit:tlg0012.tlg001.e3:11.747,
urn:cts:greekLit:tlg0012.tlg001.e3:11.748,
urn:cts:greekLit:tlg0012.tlg001.e3:11.749,
urn:cts:greekLit:tlg0012.tlg001.e3:11.750,
urn:cts:greekLit:tlg0012.tlg001.e3:11.751,
urn:cts:greekLit:tlg0012.tlg001.e3:11.752,
urn:cts:greekLit:tlg0012.tlg001.e3:11.753,
urn:cts:greekLit:tlg0012.tlg001.e3:11.754,
urn:cts:greekLit:tlg0012.tlg001.e3:11.755,
urn:cts:greekLit:tlg0012.tlg001.e3:11.756,
urn:cts:greekLit:tlg0012.tlg001.e3:11.757,
urn:cts:greekLit:tlg0012.tlg001.e3:11.758,
urn:cts:greekLit:tlg0012.tlg001.e3:11.759,
urn:cts:greekLit:tlg0012.tlg001.e3:11.760,
urn:cts:greekLit:tlg0012.tlg001.e3:11.761,
urn:cts:greekLit:tlg0012.tlg001.e3:11.762,
urn:cts:greekLit:tlg0012.tlg001.e3:11.763,
urn:cts:greekLit:tlg0012.tlg001.e3:11.764,
urn:cts:greekLit:tlg0012.tlg001.e3:11.765,
urn:cts:greekLit:tlg0012.tlg001.e3:11.766,
urn:cts:greekLit:tlg0012.tlg001.e3:11.767,
urn:cts:greekLit:tlg0012.tlg001.e3:11.768,
urn:cts:greekLit:tlg0012.tlg001.e3:11.769,
urn:cts:greekLit:tlg0012.tlg001.e3:11.770,
urn:cts:greekLit:tlg0012.tlg001.e3:11.771,
urn:cts:greekLit:tlg0012.tlg001.e3:11.772,
urn:cts:greekLit:tlg0012.tlg001.e3:11.773,
urn:cts:greekLit:tlg0012.tlg001.e3:11.774,
urn:cts:greekLit:tlg0012.tlg001.e3:11.775,
urn:cts:greekLit:tlg0012.tlg001.e3:11.776,
urn:cts:greekLit:tlg0012.tlg001.e3:11.777,
urn:cts:greekLit:tlg0012.tlg001.e3:11.778,
urn:cts:greekLit:tlg0012.tlg001.e3:11.779,
urn:cts:greekLit:tlg0012.tlg001.e3:11.780,
urn:cts:greekLit:tlg0012.tlg001.e3:11.781,
urn:cts:greekLit:tlg0012.tlg001.e3:11.782,
urn:cts:greekLit:tlg0012.tlg001.e3:11.783,
urn:cts:greekLit:tlg0012.tlg001.e3:11.784,
urn:cts:greekLit:tlg0012.tlg001.e3:11.785,
urn:cts:greekLit:tlg0012.tlg001.e3:11.786,
urn:cts:greekLit:tlg0012.tlg001.e3:11.787,
urn:cts:greekLit:tlg0012.tlg001.e3:11.788,
urn:cts:greekLit:tlg0012.tlg001.e3:11.789,
urn:cts:greekLit:tlg0012.tlg001.e3:11.790,
urn:cts:greekLit:tlg0012.tlg001.e3:11.791,
urn:cts:greekLit:tlg0012.tlg001.e3:11.792,
urn:cts:greekLit:tlg0012.tlg001.e3:11.793,
urn:cts:greekLit:tlg0012.tlg001.e3:11.794,
urn:cts:greekLit:tlg0012.tlg001.e3:11.795,
urn:cts:greekLit:tlg0012.tlg001.e3:11.796,
urn:cts:greekLit:tlg0012.tlg001.e3:11.797,
urn:cts:greekLit:tlg0012.tlg001.e3:11.798,
urn:cts:greekLit:tlg0012.tlg001.e3:11.799,
urn:cts:greekLit:tlg0012.tlg001.e3:11.800,
urn:cts:greekLit:tlg0012.tlg001.e3:11.801,
urn:cts:greekLit:tlg0012.tlg001.e3:11.802,
urn:cts:greekLit:tlg0012.tlg001.e3:11.803,
urn:cts:greekLit:tlg0012.tlg001.e3:11.804,
urn:cts:greekLit:tlg0012.tlg001.e3:11.805,
urn:cts:greekLit:tlg0012.tlg001.e3:11.806,
urn:cts:greekLit:tlg0012.tlg001.e3:11.807,
urn:cts:greekLit:tlg0012.tlg001.e3:11.808,
urn:cts:greekLit:tlg0012.tlg001.e3:11.809,
urn:cts:greekLit:tlg0012.tlg001.e3:11.810,
urn:cts:greekLit:tlg0012.tlg001.e3:11.811,
urn:cts:greekLit:tlg0012.tlg001.e3:11.812,
urn:cts:greekLit:tlg0012.tlg001.e3:11.813,
urn:cts:greekLit:tlg0012.tlg001.e3:11.814,
urn:cts:greekLit:tlg0012.tlg001.e3:11.815,
urn:cts:greekLit:tlg0012.tlg001.e3:11.816,
urn:cts:greekLit:tlg0012.tlg001.e3:11.817,
urn:cts:greekLit:tlg0012.tlg001.e3:11.818,
urn:cts:greekLit:tlg0012.tlg001.e3:11.819,
urn:cts:greekLit:tlg0012.tlg001.e3:11.820,
urn:cts:greekLit:tlg0012.tlg001.e3:11.821,
urn:cts:greekLit:tlg0012.tlg001.e3:11.822,
urn:cts:greekLit:tlg0012.tlg001.e3:11.823,
urn:cts:greekLit:tlg0012.tlg001.e3:11.824,
urn:cts:greekLit:tlg0012.tlg001.e3:11.825,
urn:cts:greekLit:tlg0012.tlg001.e3:11.826,
urn:cts:greekLit:tlg0012.tlg001.e3:11.827,
urn:cts:greekLit:tlg0012.tlg001.e3:11.828,
urn:cts:greekLit:tlg0012.tlg001.e3:11.829,
urn:cts:greekLit:tlg0012.tlg001.e3:11.830,
urn:cts:greekLit:tlg0012.tlg001.e3:11.831,
urn:cts:greekLit:tlg0012.tlg001.e3:11.832,
urn:cts:greekLit:tlg0012.tlg001.e3:11.833,
urn:cts:greekLit:tlg0012.tlg001.e3:11.834,
urn:cts:greekLit:tlg0012.tlg001.e3:11.835,
urn:cts:greekLit:tlg0012.tlg001.e3:11.836,
urn:cts:greekLit:tlg0012.tlg001.e3:11.837,
urn:cts:greekLit:tlg0012.tlg001.e3:11.838,
urn:cts:greekLit:tlg0012.tlg001.e3:11.839,
urn:cts:greekLit:tlg0012.tlg001.e3:11.840,
urn:cts:greekLit:tlg0012.tlg001.e3:11.841,
urn:cts:greekLit:tlg0012.tlg001.e3:11.842,
urn:cts:greekLit:tlg0012.tlg001.e3:11.843,
urn:cts:greekLit:tlg0012.tlg001.e3:11.844,
urn:cts:greekLit:tlg0012.tlg001.e3:11.845,
urn:cts:greekLit:tlg0012.tlg001.e3:11.846,
urn:cts:greekLit:tlg0012.tlg001.e3:11.847,
urn:cts:greekLit:tlg0012.tlg001.e3:11.848,
